CRPFilerid,is_scam
C00739003,0
C00740431,0
C00067231,0
C00748897,0
C00152892,0
C00757237,0
C00704593,0
C00298000,0
C00181529,0
C00690032,0
C00671479,0
C00034256,0
C00744128,0
C00431429,0
C00427401,0
C00542902,0
C00684399,0
C00617480,0
C00530816,0
C00577361,0
C00724104,0
C00669325,0
C00432534,0
C00382432,0
C00137273,0
C00583526,0
C00751339,1
C00477067,0
C00629311,0
C00696955,0
C00450239,0
C00739516,0
C00007898,0
C00010439,0
C00493304,0
C00552778,0
C00167015,1
C00654764,0
C00495002,0
C00461137,0
C00254268,0
C00233247,0
C00432757,0
C00388751,0
C00654590,0
C00349373,0
C00751180,0
C00748855,0
C00191247,0
C00616391,0
C00545830,0
C00365122,0
C00340018,0
C00704452,0
C00554097,0
C00756312,0
C00745232,0
C00083758,0
C00416347,0
C00664961,0
C00545947,0
C00519900,0
C00471813,0
C00745695,0
C00383489,0
C00034330,0
C00304634,0
C00742791,0
C00040584,0
C00521914,0
C00689091,0
C00487298,0
C00016386,0
C00339499,0
C00681858,0
C00136457,1
C00316455,0
C00682914,0
C00035204,0
C00490615,0
C00159954,0
C00661264,0
C00723874,0
C00761452,0
C00553560,0
C00730747,0
C00106716,0
C00750919,0
C00167320,1
C00755694,0
C00374298,0
C00762377,0
C00046086,0
C00481986,0
C00358440,0
C00119354,0
C00723577,0
C00655092,0
C00531590,0
C00763193,0
C00746347,0
C00509174,0
C00729871,0
C00462630,0
C00384354,0
C00696484,0
C00733725,0
C00033423,0
C00659060,0
C00402602,0
C00655324,0
C00370213,0
C00231076,0
C00710988,0
C00428391,0
C00390971,0
C00730770,0
C00712448,0
C00739730,0
C00544908,0
C00707828,0
C00415166,0
C00714220,0
C00325324,0
C00722025,0
C00710889,0
C00216614,0
C00216127,0
C00326751,0
C00757997,0
C00629592,0
C00478149,0
C00064774,0
C00300863,0
C00685115,0
C00548651,1
C00716472,0
C00369751,0
C00458570,0
C00461145,0
C00716365,0
C00351635,0
C00346130,0
C00580381,0
C00700252,0
C00545137,0
C00147066,0
C00636837,0
C00364158,0
C00688101,0
C00563825,0
C00042366,1
C00712497,0
C00343574,0
C00741231,0
C00357863,0
C00696591,0
C00242040,0
C00396556,0
C00559740,1
C00015594,0
C00507574,0
C00331454,0
C00480228,0
C00187112,0
C00753913,0
C00114132,0
C00280222,0
C00315713,0
C00395434,0
C00757161,0
C00484667,0
C00494997,0
C00233049,0
C00570622,0
C00637314,0
C00528901,0
C00556860,0
C00380535,0
C00312223,0
C00634576,0
C00012914,0
C00669929,0
C00550483,0
C00429787,0
C00678482,0
C00082677,0
C00523670,0
C00113019,0
C00689687,0
C00758433,0
C00685321,0
C00102764,0
C00250399,0
C00747642,0
C00592337,0
C00167213,0
C00569970,0
C00114371,0
C00641050,0
C00631796,0
C00676338,0
C00301424,0
C00527663,0
C00634154,0
C00744557,0
C00688986,0
C00097196,0
C00350108,0
C00368159,0
C00450734,0
C00497073,0
C00491456,0
C00745349,0
C00696542,0
C00428110,0
C00383992,0
C00306035,0
C00688192,0
C00109678,0
C00308478,0
C00718890,0
C00529719,0
C00709113,0
C00654053,1
C00493924,0
C00114447,0
C00754465,0
C00586834,0
C00418095,0
C00260331,0
C00674242,0
C00753673,0
C00566851,0
C00375451,0
C00718841,0
C00197202,0
C00664128,1
C00623595,0
C00239905,0
C00661462,0
C00097485,0
C00177972,0
C00705061,0
C00632554,1
C00690198,0
C00010868,0
C00192153,0
C00272724,0
C00730234,0
C00412395,0
C00558718,0
C00442434,0
C00704072,0
C00578542,0
C00715433,0
C00167916,0
C00512673,0
C00563072,0
C00042002,0
C00173278,0
C00740001,0
C00757260,0
C00237495,0
C00553834,0
C00153445,0
C00387696,0
C00744839,0
C00240911,0
C00727602,0
C00655886,0
C00510701,0
C00763466,0
C00149013,0
C00411611,0
C00228379,0
C00759274,0
C00411769,0
C00509521,0
C00431981,0
C00418400,0
C00583443,0
C00711903,0
C00370122,0
C00303818,0
C00170258,0
C00356345,0
C00461624,0
C00314617,0
C00271338,1
C00346361,0
C00620914,0
C00291799,0
C00029504,1
C00754671,0
C00381681,0
C00302240,0
C00462879,1
C00762740,0
C00727347,0
C00432815,0
C00531285,0
C00748418,0
C00506733,0
C00351270,0
C00404483,0
C00217877,0
C00004911,0
C00656777,0
C00710202,0
C00726802,0
C00652644,0
C00253369,0
C00007922,1
C00678714,0
C00580589,0
C00757708,0
C00759159,0
C00033704,0
C00581066,0
C00223073,0
C00746685,0
C00395889,0
C00220558,0
C00456699,0
C00501858,0
C00390104,0
C00760041,0
C00725994,0
C00669622,0
C00064766,1
C00192906,0
C00653154,0
C00491142,0
C00104687,0
C00253153,0
C00523621,1
C00758060,0
C00199463,0
C00661272,0
C00585687,0
C00319723,0
C00567883,0
C00450692,0
C00636225,0
C00753061,0
C00420596,0
C00541011,1
C00748061,0
C00257956,0
C00625921,0
C00403998,0
C00683250,0
C00623413,0
C00541391,0
C00370007,0
C00416743,0
C00151563,0
C00030734,0
C00363770,0
C00652701,0
C00110478,0
C00760967,0
C00355818,0
C00334417,0
C00755926,0
C00406801,0
C00415026,0
C00693192,0
C00720227,0
C00674127,0
C00753301,0
C00545079,0
C00748228,0
C00744961,0
C00716290,0
C00730275,0
C00339085,0
C00701789,0
C00755306,0
C00573550,0
C00354241,0
C00558700,0
C00751438,0
C00744821,0
C00734947,0
C00488742,0
C00640458,0
C00074450,1
C00719211,0
C00738138,0
C00690693,0
C00048702,0
C00236778,0
C00759043,0
C00200329,0
C00722116,0
C00648899,0
C00630574,0
C00720060,0
C00043919,0
C00558932,0
C00415992,0
C00759688,0
C00727313,0
C00667360,0
C00687699,0
C00686972,0
C00720680,0
C00668665,0
C00592808,0
C00141218,0
C00161786,1
C00731661,0
C00525824,0
C00085316,0
C00357905,0
C00471540,0
C00666321,0
C00207944,0
C00142158,0
C00679118,0
C00687442,0
C00635367,0
C00473249,0
C00175521,0
C00695171,0
C00628008,0
C00725341,0
C00743146,0
C00167346,0
C00557926,0
C00719872,0
C00418830,0
C00679209,0
C00005801,0
C00759886,0
C00711929,0
C00695874,0
C00438721,0
C00736041,0
C00371229,0
C00755363,0
C00609206,0
C00652537,0
C00485540,0
C00553743,0
C00343707,0
C00590315,0
C00224717,0
C00322768,0
C00622415,0
C00710640,0
C00632133,1
C00693606,0
C00569558,0
C00705384,0
C00572438,0
C00731547,0
C00734848,0
C00617472,0
C00532887,0
C00675934,0
C00007948,0
C00603134,0
C00710558,0
C00034488,0
C00670216,0
C00473116,0
C00708644,0
C00659011,1
C00274944,0
C00511444,0
C00153379,0
C00581785,0
C00734616,0
C00522409,0
C00659607,0
C00055582,1
C00756858,0
C00240457,0
C00704890,0
C00214338,0
C00760579,0
C00680082,0
C00620740,0
C00214072,0
C00255877,0
C00431304,0
C00587543,0
C00177436,0
C00708552,0
C00578336,0
C00613018,0
C00757229,0
C00135541,0
C00096842,0
C00693424,0
C00140590,1
C00034470,0
C00429563,0
C00575449,0
C00741322,0
C00758854,0
C00559633,0
C00620948,0
C00034132,0
C00761940,0
C00099473,0
C00481242,0
C00301663,0
C00346288,0
C00388421,0
C00494757,0
C00429712,0
C00691378,0
C00493890,0
C00299321,0
C00516112,0
C00634436,0
C00406215,0
C00695619,0
C00455394,0
C00716811,0
C00562355,0
C00359539,0
C00083790,0
C00463646,0
C00461095,0
C00432096,0
C00300731,0
C00002238,0
C00706150,0
C00740787,0
C00678870,0
C00647206,0
C00614552,0
C00638130,0
C00126086,0
C00689208,0
C00569152,0
C00173096,0
C00751834,0
C00670265,0
C00094185,0
C00573436,0
C00035618,0
C00489948,0
C00686055,0
C00280743,0
C00306894,0
C00683607,0
C00740845,0
C00137265,0
C00750521,1
C00200139,0
C00646877,1
C00763920,0
C00194472,0
C00544817,0
C00685933,0
C00361949,0
C00746313,0
C00685123,0
C00758656,0
C00489906,0
C00689513,0
C00490896,0
C00450965,0
C00356253,0
C00263723,0
C00735829,0
C00755967,0
C00540054,0
C00559146,0
C00750182,0
C00412122,0
C00763847,0
C00402982,0
C00542720,0
C00676262,0
C00633156,0
C00749051,0
C00142786,0
C00528950,0
C00406447,0
C00012245,0
C00609388,1
C00639500,0
C00709576,0
C00541383,0
C00391219,0
C00427781,0
C00542217,0
C00627042,0
C00564187,0
C00127779,0
C00545194,0
C00684555,0
C00325076,0
C00363986,0
C00658815,0
C00379693,1
C00410126,0
C00422774,0
C00065870,0
C00686402,0
C00553883,0
C00300707,0
C00335091,0
C00688911,0
C00618777,0
C00350991,0
C00275909,0
C00565846,0
C00442020,0
C00388587,0
C00373217,0
C00329425,0
C00248716,1
C00406645,0
C00178012,0
C00368332,0
C00617712,0
C00427195,0
C00436022,0
C00693853,0
C00715953,0
C00370585,0
C00411173,0
C00730549,0
C00495440,0
C00650796,0
C00619965,0
C00436287,0
C00672139,0
C00265603,0
C00568840,0
C00739409,0
C00461723,0
C00433805,0
C00725911,0
C00405639,0
C00565689,0
C00630707,1
C00332221,0
C00040394,0
C00040329,0
C00702324,0
C00007542,0
C00685065,0
C00756254,0
C00024372,0
C00759696,0
C00341271,0
C00746271,0
C00198606,0
C00638957,0
C00482372,0
C00735183,0
C00698019,0
C00286807,0
C00570606,0
C00166892,0
C00748954,0
C00413567,0
C00103143,0
C00000422,0
C00702050,0
C00684159,0
C00719054,0
C00743989,0
C00603639,0
C00502914,0
C00731372,0
C00359588,0
C00623371,0
C00312785,0
C00093989,0
C00021972,0
C00454850,0
C00716423,0
C00610956,0
C00426809,0
C00748798,0
C00580043,0
C00760421,0
C00455659,0
C00352211,0
C00340455,0
C00419986,0
C00578443,0
C00470765,0
C00398222,0
C00750901,0
C00675793,0
C00683854,0
C00014092,0
C00287714,0
C00752410,0
C00323659,0
C00749010,0
C00345942,0
C00525543,0
C00679191,1
C00739557,0
C00014878,0
C00658443,0
C00679985,0
C00689067,0
C00160937,0
C00699256,0
C00659219,0
C00521013,0
C00393728,0
C00683565,0
C00499020,0
C00397893,0
C00684985,0
C00753202,0
C00582999,0
C00672576,0
C00692020,0
C00500256,0
C00751990,0
C00731109,0
C00695270,0
C00210526,0
C00632091,0
C00744268,0
C00444539,0
C00672790,0
C00414235,0
C00759969,0
C00748509,0
C00379784,0
C00742809,0
C00490524,0
C00330696,0
C00567560,0
C00279802,0
C00202804,0
C00745299,0
C00421735,0
C00742080,0
C00691170,0
C00193177,0
C00690776,0
C00282566,0
C00572040,0
C00760603,0
C00725804,0
C00692806,0
C00686816,0
C00692202,0
C00718296,0
C00681106,0
C00668921,0
C00449512,0
C00705434,0
C00728907,0
C00687939,0
C00622464,0
C00679373,0
C00709485,0
C00510248,0
C00484162,0
C00510016,0
C00758730,0
C00712075,0
C00688382,0
C00597062,0
C00003863,0
C00362624,0
C00752543,0
C00752576,0
C00406876,0
C00009357,0
C00486613,0
C00743443,0
C00562785,0
C00700203,0
C00060087,0
C00190991,0
C00698951,0
C00701268,0
C00148098,0
C00567412,0
C00436188,0
C00000547,0
C00708487,0
C00674267,0
C00043463,0
C00194746,0
C00541128,0
C00040998,0
C00705137,0
C00162818,1
C00015933,0
C00641084,0
C00324673,0
C00208249,0
C00648808,0
C00153031,0
C00578914,0
C00549725,0
C00692970,0
C00381806,0
C00006080,0
C00412841,0
C00710764,0
C00134676,0
C00543710,0
C00573444,0
C00491118,0
C00541078,0
C00254490,0
C00557561,0
C00663831,0
C00483883,0
C00613810,0
C00573006,0
C00178418,0
C00745604,0
C00548081,0
C00571778,0
C00089458,0
C00010033,1
C00508309,0
C00101204,0
C00521211,0
C00080135,0
C00753004,0
C00564369,0
C00671677,0
C00674952,0
C00571943,0
C00203497,0
C00554535,0
C00340224,0
C00693390,0
C00421982,0
C00477737,0
C00217323,0
C00007450,0
C00692111,0
C00622472,0
C00172775,0
C00000729,0
C00689836,0
C00755157,0
C00114702,0
C00001743,0
C00688598,0
C00039552,0
C00688069,0
C00279331,0
C00752964,0
C00687574,0
C00431312,0
C00756882,1
C00564401,0
C00221077,0
C00514224,0
C00685719,0
C00378661,0
C00384883,0
C00411900,0
C00005173,1
C00098061,1
C00695254,0
C00473082,0
C00715904,0
C00406892,0
C00362327,0
C00726281,0
C00701011,0
C00163253,0
C00425686,0
C00450320,0
C00721969,0
C00690735,0
C00488320,0
C00376590,0
C00687871,0
C00457093,0
C00540450,0
C00736751,0
C00742445,0
C00715326,0
C00761171,0
C00500330,0
C00548818,0
C00318311,0
C00716969,0
C00362707,0
C00630012,0
C00756429,0
C00692087,0
C00681833,0
C00694539,0
C00632109,0
C00425975,0
C00709709,0
C00431478,0
C00429233,0
C00172833,0
C00575993,0
C00229435,0
C00388504,0
C00700849,0
C00449645,0
C00559021,0
C00476697,0
C00628115,0
C00048579,0
C00546903,0
C00208991,1
C00341800,0
C00506907,0
C00346015,0
C00615492,0
C00448001,0
C00325639,0
C00544767,1
C00630632,0
C00012211,0
C00449298,0
C00226548,0
C00556431,0
C00415869,0
C00252684,0
C00025536,0
C00692384,0
C00747618,0
C00675058,0
C00654186,0
C00744334,0
C00754028,0
C00707240,0
C00674440,0
C00133389,0
C00076893,0
C00007880,1
C00577072,0
C00637959,0
C00715722,0
C00029348,0
C00437376,0
C00760819,0
C00298190,0
C00696088,0
C00390963,0
C00667022,0
C00710848,0
C00387894,0
C00759910,0
C00576801,0
C00005462,0
C00564815,0
C00725929,0
C00697326,0
C00692640,0
C00484964,0
C00528026,0
C00654475,0
C00655423,0
C00748723,0
C00430108,0
C00673715,0
C00719799,0
C00395947,0
C00737718,0
C00443739,0
C00008227,1
C00165324,0
C00623348,0
C00285593,0
C00635235,0
C00690784,0
C00457184,0
C00490730,1
C00389981,0
C00248658,0
C00279455,0
C00011114,1
C00682757,0
C00751792,0
C00589507,0
C00081414,0
C00427575,0
C00482182,0
C00187450,0
C00388934,0
C00703173,0
C00525402,0
C00698498,0
C00456871,0
C00544833,0
C00212803,0
C00408088,0
C00291914,0
C00691329,0
C00554055,0
C00626176,0
C00369058,0
C00125534,0
C00416693,0
C00716613,0
C00540146,0
C00660894,0
C00741710,0
C00276659,0
C00007070,0
C00668897,0
C00571018,0
C00122499,0
C00363853,0
C00178038,1
C00460253,0
C00496836,0
C00680322,0
C00610154,0
C00572271,0
C00228924,0
C00370130,0
C00581728,0
C00409623,0
C00407262,0
C00534032,0
C00756569,1
C00710772,0
C00383174,0
C00662056,0
C00172841,0
C00411199,0
C00488486,0
C00506535,0
C00540898,0
C00639112,0
C00474122,0
C00257329,0
C00422881,0
C00686709,0
C00506410,0
C00577445,0
C00680561,0
C00639047,0
C00020818,0
C00348797,0
C00742494,0
C00742205,0
C00107615,0
C00571216,0
C00295527,0
C00550566,0
C00636829,0
C00424879,0
C00368696,1
C00749366,0
C00411389,0
C00723783,0
C00152272,0
C00761031,0
C00426445,0
C00403592,0
C00492983,0
C00681171,0
C00755199,0
C00739524,0
C00420398,0
C00739235,0
C00361253,0
C00215053,0
C00039461,0
C00391086,0
C00682195,0
C00749556,0
C00526046,0
C00430579,0
C00715136,0
C00495010,0
C00621185,0
C00619304,0
C00720938,0
C00577676,0
C00417584,0
C00415224,0
C00018945,0
C00659870,0
C00252551,0
C00753046,0
C00174011,0
C00495481,0
C00390674,0
C00523233,0
C00546663,0
C00150995,0
C00128561,0
C00740878,0
C00337733,0
C00573626,0
C00759738,0
C00705400,0
C00697862,0
C00368993,0
C00305805,0
C00511600,0
C00633958,0
C00529891,0
C00663195,0
C00742759,0
C00723304,0
C00752469,0
C00136853,0
C00342972,0
C00016683,0
C00632935,0
C00422519,0
C00706499,0
C00366070,0
C00526715,0
C00059238,0
C00758698,0
C00216895,0
C00396994,0
C00486498,0
C00480061,0
C00409516,0
C00731752,0
C00755611,0
C00495887,1
C00752881,0
C00625194,0
C00659789,0
C00265033,0
C00433482,0
C00437079,0
C00690271,0
C00741314,0
C00745471,0
C00208983,0
C00697755,0
C00011197,1
C00391508,0
C00318907,0
C00571000,0
C00455923,0
C00751347,0
C00207308,0
C00676064,0
C00511915,0
C00380196,0
C00688226,0
C00336057,0
C00249532,0
C00340554,0
C00564385,0
C00755074,0
C00491183,0
C00695585,1
C00492116,0
C00731489,0
C00405043,0
C00577049,0
C00564658,0
C00708537,0
C00656348,0
C00302166,0
C00742932,0
C00266585,0
C00008086,1
C00141382,0
C00571976,0
C00608505,0
C00208322,0
C00345355,0
C00759407,0
C00746297,0
C00757112,0
C00634915,0
C00744763,0
C00756445,0
C00559302,0
C00720383,0
C00668178,0
C00578419,0
C00150367,0
C00635052,0
C00380303,0
C00626721,0
C00621912,0
C00350421,0
C00003418,1
C00147173,0
C00747592,0
C00574228,0
C00365296,0
C00699702,0
C00634766,0
C00717223,0
C00492140,1
C00066472,0
C00450072,0
C00688861,0
C00760728,0
C00402669,0
C00740092,0
C00032979,1
C00759381,0
C00692681,0
C00469239,0
C00540203,0
C00631507,0
C00453712,0
C00722165,0
C00651265,0
C00723551,0
C00579920,0
C00378695,0
C00371336,0
C00073155,0
C00117861,0
C00564997,0
C00691147,0
C00019083,0
C00409110,0
C00747691,0
C00504753,0
C00549568,0
C00745745,0
C00571570,0
C00136838,0
C00688580,0
C00435735,0
C00717421,0
C00572099,0
C00427435,0
C00479378,0
C00028860,0
C00375691,0
C00254656,0
C00131557,0
C00383463,0
C00414425,0
C00365502,0
C00588335,0
C00526194,0
C00364422,0
C00404145,0
C00717918,0
C00612218,0
C00672915,0
C00492587,0
C00144170,0
C00326439,0
C00552679,0
C00525717,0
C00684175,0
C00656439,0
C00389585,0
C00695528,0
C00751453,0
C00573790,0
C00726729,0
C00238782,0
C00654772,0
C00640888,0
C00102368,0
C00697375,0
C00640664,1
C00611012,0
C00410720,0
C00693127,0
C00383976,0
C00458257,0
C00571687,0
C00638338,0
C00685594,0
C00496745,0
C00681478,0
C00714501,0
C00106146,1
C00624882,0
C00163048,0
C00734574,0
C00664326,0
C00686188,0
C00041939,0
C00743906,0
C00694323,1
C00347195,0
C00524181,0
C00358051,0
C00629477,0
C00610782,0
C00753863,0
C00408260,0
C00108035,0
C00686881,0
C00742429,0
C00733352,0
C00190652,0
C00763870,0
C00388777,0
C00576249,0
C00760835,0
C00630087,0
C00747931,0
C00331462,0
C00756833,0
C00711119,0
C00745711,0
C00678722,0
C00433680,0
C00462333,0
C00737817,0
C00679951,0
C00142489,0
C00752493,0
C00640441,0
C00255752,0
C00440651,0
C00517276,0
C00373837,0
C00569871,0
C00680777,0
C00364992,0
C00524611,0
C00349225,0
C00687418,0
C00634519,0
C00298018,0
C00511196,0
C00745554,0
C00578054,0
C00171330,0
C00160986,0
C00245910,0
C00199547,0
C00743526,0
C00540112,0
C00148882,0
C00708883,0
C00115832,0
C00161570,0
C00531814,0
C00524843,0
C00196246,0
C00749622,0
C00218263,0
C00752006,0
C00745158,0
C00678680,0
C00383422,0
C00647420,0
C00683235,0
C00421016,0
C00454041,0
C00447565,0
C00564765,0
C00747394,0
C00460378,0
C00763730,0
C00678284,0
C00587923,0
C00707232,0
C00358994,0
C00190934,1
C00687012,0
C00461418,0
C00412072,0
C00410316,0
C00753517,0
C00079681,0
C00692095,0
C00563015,0
C00743195,0
C00493361,0
C00427617,0
C00689141,0
C00082925,1
C00423731,0
C00480830,0
C00143230,1
C00507053,0
C00443671,0
C00680512,0
C00033555,0
C00573246,0
C00286401,0
C00375584,0
C00751388,0
C00735167,0
C00425470,0
C00669655,0
C00757963,0
C00685099,0
C00489591,0
C00714873,0
C00121319,0
C00445981,0
C00617944,0
C00759654,0
C00549865,0
C00368415,0
C00743666,0
C00681999,0
C00660233,0
C00323048,0
C00559294,0
C00718916,0
C00680819,0
C00405878,0
C00215046,0
C00379180,0
C00695569,0
C00692467,0
C00745174,0
C00759258,0
C00588509,0
C00014555,0
C00756163,0
C00171843,0
C00029447,1
C00758839,0
C00214304,0
C00524330,0
C00616912,0
C00727719,0
C00745315,0
C00367375,0
C00695999,0
C00207795,0
C00755793,0
C00683458,0
C00677955,0
C00579359,0
C00415752,0
C00417774,0
C00701656,1
C00493262,0
C00718981,0
C00658302,0
C00635938,0
C00311878,0
C00245530,0
C00199497,0
C00498931,0
C00723676,0
C00685552,0
C00611202,0
C00325993,0
C00712695,0
C00239848,0
C00715144,0
C00507699,0
C00452961,0
C00288712,0
C00027359,0
C00039206,0
C00196824,0
C00667782,0
C00121368,0
C00680025,0
C00744946,1
C00699306,0
C00592303,0
C00750323,1
C00361139,0
C00275529,0
C00395723,0
C00382028,0
C00277988,0
C00614198,0
C00503847,0
C00417139,0
C00282343,0
C00688606,0
C00548735,0
C00424143,0
C00675397,0
C00490235,0
C00631556,0
C00756403,0
C00624049,0
C00408872,0
C00299701,0
C00573709,0
C00559211,0
C00710178,0
C00475350,0
C00743468,0
C00698944,0
C00571596,0
C00709956,0
C00721647,0
C00753640,0
C00101212,0
C00625731,0
C00399642,0
C00631820,0
C00527283,0
C00657288,0
C00268904,0
C00736777,0
C00384602,0
C00730796,0
C00603415,0
C00711192,0
C00032698,0
C00453704,0
C00332254,0
C00059907,0
C00668640,0
C00752261,0
C00755959,0
C00700021,0
C00756189,0
C00695833,0
C00728683,0
C00431361,0
C00179408,1
C00075994,0
C00488403,0
C00390161,0
C00583435,0
C00659888,0
C00139519,0
C00625533,0
C00709220,0
C00279216,0
C00680132,0
C00635219,0
C00638163,0
C00410670,0
C00540435,0
C00742338,0
C00749358,0
C00741827,0
C00651091,0
C00451575,0
C00399444,0
C00461574,0
C00692988,0
C00437525,0
C00397554,0
C00160770,0
C00750497,0
C00412312,0
C00684480,0
C00718114,0
C00389429,0
C00003988,1
C00542092,0
C00525063,0
C00279828,0
C00211524,0
C00602516,0
C00096156,1
C00120055,0
C00099234,0
C00743633,0
C00503870,0
C00627489,0
C00755348,0
C00484535,0
C00428979,0
C00458406,0
C00344754,0
C00615344,0
C00385534,0
C00636068,0
C00252825,0
C00040881,0
C00241000,0
C00714303,0
C00745448,0
C00215202,0
C00373696,0
C00733766,0
C00427260,0
C00349233,0
C00455725,0
C00342113,0
C00748186,0
C00335570,0
C00754408,0
C00641183,0
C00698118,0
C00709089,0
C00481176,0
C00489617,0
C00627836,0
C00493841,0
C00688168,0
C00689034,0
C00402826,0
C00628388,0
C00722447,0
C00040741,0
C00739938,0
C00675660,0
C00742767,0
C00496919,0
C00432526,0
C00568170,0
C00195362,0
C00429175,0
C00512855,0
C00633792,0
C00693861,0
C00749713,0
C00694570,0
C00109546,0
C00365270,0
C00041236,0
C00487181,0
C00499798,0
C00691477,0
C00011262,0
C00326009,0
C00363812,0
C00233304,0
C00096362,0
C00627075,0
C00666461,0
C00456939,0
C00211763,0
C00625285,0
C00549279,0
C00652842,0
C00340083,0
C00759100,0
C00736744,0
C00012468,0
C00071365,0
C00630038,0
C00638064,0
C00708560,0
C00627851,0
C00129171,0
C00748335,0
C00757575,0
C00333658,0
C00442368,0
C00688655,1
C00546473,0
C00497917,0
C00655142,0
C00489252,0
C00469890,0
C00716183,0
C00012484,0
C00566174,0
C00510149,0
C00558759,0
C00369181,0
C00739508,0
C00693333,0
C00743682,0
C00490474,0
C00757419,0
C00390526,0
C00718932,0
C00543330,0
C00712208,0
C00516724,0
C00682492,0
C00746073,0
C00253906,0
C00480145,0
C00374306,0
C00448696,1
C00697979,0
C00377960,0
C00336768,0
C00739342,0
C00035683,0
C00761189,0
C00709097,0
C00576215,0
C00726349,0
C00758797,0
C00749077,0
C00670331,0
C00745521,0
C00252940,1
C00699801,0
C00076182,0
C00745430,0
C00709691,1
C00461236,0
C00395244,0
C00659029,0
C00671933,0
C00635201,0
C00005249,0
C00759035,0
C00632679,0
C00004036,1
C00728402,0
C00207399,0
C00757286,0
C00748830,0
C00250993,0
C00589945,0
C00374447,0
C00527275,0
C00696658,0
C00743351,0
C00683052,0
C00719781,0
C00756304,0
C00753608,0
C00040949,0
C00676684,0
C00646992,0
C00160259,0
C00611871,0
C00756908,0
C00723841,0
C00611897,0
C00578187,0
C00150672,1
C00379479,0
C00734582,0
C00319319,0
C00415257,0
C00745539,0
C00691949,0
C00657858,0
C00762823,0
C00717710,0
C00145037,0
C00742734,0
C00714436,0
C00479253,0
C00638213,0
C00740365,0
C00652826,0
C00263483,0
C00272468,0
C00380931,0
C00754572,0
C00667865,1
C00566133,0
C00634584,0
C00746651,1
C00763003,0
C00656637,0
C00540229,0
C00448746,0
C00564690,0
C00752923,0
C00719393,0
C00331918,0
C00060103,0
C00707950,0
C00408500,0
C00105668,1
C00247262,0
C00759316,0
C00560078,0
C00331694,0
C00342394,0
C00731356,0
C00758227,0
C00751099,0
C00525899,0
C00708255,0
C00033969,0
C00359687,0
C00408120,0
C00529628,0
C00748475,0
C00469395,0
C00000984,0
C00687582,0
C00682740,0
C00215285,0
C00013342,0
C00683813,0
C00654426,0
C00100644,0
C00274258,0
C00398040,0
C00690149,0
C00213066,0
C00672600,0
C00235572,0
C00436048,0
C00211318,0
C00335414,0
C00572503,0
C00528984,0
C00657866,1
C00683839,0
C00357129,0
C00396085,0
C00695163,0
C00571802,0
C00750414,0
C00737742,0
C00635250,0
C00591826,0
C00250027,0
C00747980,0
C00072751,0
C00075275,0
C00737239,0
C00210344,0
C00251447,0
C00740415,0
C00438291,0
C00737270,0
C00712638,0
C00693564,0
C00340075,0
C00611962,0
C00571414,0
C00724237,0
C00664706,0
C00547497,0
C00423442,0
C00561647,0
C00184028,0
C00039214,0
C00299396,0
C00385609,0
C00002881,0
C00724435,0
C00696799,0
C00402081,0
C00396887,0
C00111278,0
C00421040,0
C00157545,0
C00142851,0
C00147231,0
C00459065,0
C00404178,0
C00624965,0
C00751503,0
C00309468,0
C00735514,0
C00290098,0
C00710038,0
C00738633,0
C00238204,0
C00627943,0
C00585885,0
C00406553,0
C00709295,0
C00713099,0
C00575662,0
C00628354,0
C00467167,0
C00281162,0
C00707216,0
C00701797,0
C00623959,0
C00284810,1
C00758482,0
C00681056,0
C00353284,0
C00367524,0
C00693515,1
C00492819,0
C00327072,0
C00135855,0
C00074799,0
C00741140,0
C00478743,0
C00693895,0
C00409490,0
C00493809,0
C00323923,0
C00385989,0
C00149948,0
C00550467,0
C00394452,0
C00108613,0
C00431957,0
C00501106,0
C00659599,1
C00660027,0
C00002790,0
C00578609,0
C00107300,1
C00331835,0
C00106740,0
C00738831,0
C00426569,0
C00554071,0
C00628271,0
C00654467,0
C00609263,0
C00003251,0
C00745869,1
C00262295,0
C00624106,0
C00528893,0
C00695932,0
C00757245,0
C00293910,0
C00751248,0
C00525055,0
C00389403,0
C00250068,0
C00511899,0
C00729301,0
C00612820,0
C00630129,0
C00408344,0
C00553099,0
C00536466,0
C00416404,0
C00696112,0
C00732644,0
C00657379,0
C00747923,0
C00654608,0
C00239947,0
C00139659,0
C00759019,0
C00641571,0
C00364174,0
C00497545,0
C00571042,0
C00570895,0
C00506105,0
C00072025,0
C00135681,0
C00746560,0
C00525030,0
C00502906,1
C00072967,0
C00099002,0
C00747246,0
C00051979,0
C00033589,0
C00672667,0
C00694562,0
C00571182,0
C00745638,0
C00483693,0
C00138560,0
C00009936,0
C00736090,0
C00755900,0
C00693796,0
C00502955,0
C00683474,0
C00747501,0
C00656942,0
C00544171,0
C00319962,0
C00602698,0
C00486217,0
C00704304,0
C00617126,0
C00675637,0
C00409102,0
C00484253,0
C00489518,0
C00699215,0
C00332031,0
C00156810,1
C00735431,0
C00396895,0
C00400929,0
C00063164,0
C00633404,1
C00471565,0
C00710517,0
C00625079,0
C00279380,0
C00629444,0
C00003111,1
C00613133,0
C00380550,0
C00757211,0
C00734970,0
C00503151,0
C00321158,0
C00454660,0
C00735084,0
C00568089,0
C00757377,0
C00757542,0
C00691568,0
C00552141,0
C00171926,0
C00035774,0
C00558668,0
C00629543,0
C00475947,0
C00146605,0
C00011643,0
C00501676,0
C00674499,0
C00102731,0
C00426320,0
C00382556,0
C00671099,0
C00040725,0
C00163238,0
C00681700,0
C00567693,0
C00747808,0
C00715573,0
C00485979,0
C00735100,0
C00761460,0
C00388462,0
C00187526,0
C00686121,0
C00543090,0
C00721779,0
C00636209,0
C00039016,0
C00738732,0
C00748582,0
C00403071,0
C00389916,0
C00430884,0
C00405076,1
C00409342,0
C00749069,0
C00692129,0
C00284885,1
C00728113,0
C00610840,0
C00269779,0
C00710731,0
C00624718,0
C00541110,0
C00674770,0
C00486779,0
C00749721,0
C00722835,0
C00414474,0
C00699199,0
C00754333,0
C00749515,0
C00009985,0
C00656611,0
C00340836,0
C00177741,0
C00501742,0
C00450577,0
C00687137,0
C00716704,0
C00568584,0
C00607861,0
C00741298,0
C00698456,0
C00692137,0
C00756726,0
C00378083,0
C00619759,0
C00728360,1
C00633305,0
C00594507,0
C00602805,0
C00506865,0
C00640086,0
C00261933,0
C00479980,0
C00733691,0
C00394031,0
C00499251,0
C00719948,0
C00686352,0
C00571117,0
C00341396,1
C00355677,0
C00757344,0
C00761965,0
C00760637,0
C00469080,0
C00445379,0
C00380873,0
C00708958,0
C00234120,0
C00758375,0
C00417394,0
C00161141,0
C00628669,0
C00487447,0
C00757831,0
C00746289,0
C00688283,0
C00520270,0
C00405506,0
C00753244,0
C00532788,0
C00629154,0
C00697367,0
C00075820,1
C00684910,0
C00624411,0
C00082271,0
C00493502,0
C00448191,0
C00699785,0
C00382507,0
C00626861,1
C00569319,0
C00193169,0
C00486944,0
C00129122,0
C00727065,0
C00376582,0
C00520684,0
C00571620,1
C00197103,0
C00411694,0
C00683243,0
C00540393,0
C00421057,0
C00751875,0
C00702472,0
C00736371,0
C00711143,0
C00760694,0
C00518605,0
C00388470,0
C00344770,0
C00688838,0
C00658757,0
C00540518,0
C00528216,0
C00760074,0
C00629212,0
C00707091,0
C00425256,0
C00706218,0
C00633289,0
C00018929,0
C00459222,0
C00471334,0
C00639948,0
C00560839,0
C00235655,1
C00512327,0
C00683128,0
C00672733,0
C00465211,0
C00746040,0
C00142299,0
C00764019,0
C00213231,0
C00327189,0
C00727834,0
C00760124,0
C00721688,0
C00706341,0
C00217471,0
C00582726,0
C00174599,0
C00700120,0
C00068528,0
C00563247,0
C00481531,0
C00437566,0
C00729236,0
C00656835,0
C00033779,0
C00277152,0
C00751859,0
C00358663,0
C00709998,0
C00118430,0
C00455840,0
C00696716,0
C00279737,0
C00699041,0
C00662312,0
C00048181,0
C00628842,0
C00696070,0
C00708172,0
C00411918,0
C00544650,0
C00681320,0
C00747998,0
C00104802,1
C00326595,0
C00739037,0
C00485466,0
C00757823,0
C00760686,0
C00728212,0
C00526657,0
C00713727,0
C00139279,0
C00496588,0
C00143867,0
C00691725,0
C00744458,0
C00450866,0
C00688960,0
C00562173,0
C00623819,0
C00719609,0
C00683136,0
C00685156,0
C00686493,0
C00640300,0
C00743831,0
C00678185,0
C00700153,0
C00519413,0
C00763540,0
C00669259,1
C00688358,0
C00104109,0
C00694794,0
C00726612,0
C00499863,0
C00739565,0
C00754218,0
C00604496,0
C00757856,0
C00494526,0
C00125641,0
C00063586,0
C00732354,0
C00562264,0
C00751016,0
C00150797,0
C00147983,0
C00491241,0
C00745562,0
C00531764,0
C00193383,0
C00698043,0
C00148031,0
C00563734,0
C00691162,0
C00206672,0
C00261891,0
C00238691,0
C00507962,0
C00761585,0
C00668251,0
C00630665,1
C00754366,0
C00104299,0
C00748681,0
C00630764,0
C00386847,0
C00438028,0
C00687665,0
C00720029,0
C00140707,0
C00735738,0
C00421230,0
C00282921,0
C00544551,0
C00001388,0
C00686071,0
C00513713,0
C00750463,0
C00143743,1
C00705129,0
C00437491,0
C00666933,0
C00244533,0
C00040253,0
C00204180,0
C00254938,0
C00438515,0
C00754630,0
C00682344,0
C00365965,0
C00000885,0
C00133561,0
C00719716,0
C00008474,0
C00493635,0
C00214981,0
C00724633,0
C00547356,0
C00215129,0
C00685297,1
C00708057,0
C00627372,1
C00752378,0
C00348292,0
C00624809,0
C00320218,0
C00678243,0
C00305979,0
C00229328,0
C00172296,0
C00720490,0
C00648857,0
C00762328,0
C00526509,0
C00469205,0
C00736124,0
C00255091,0
C00414169,0
C00497594,0
C00176214,0
C00732172,1
C00541169,0
C00761304,0
C00718668,0
C00753509,0
C00392290,0
C00741306,0
C00591313,0
C00581967,0
C00626655,0
C00297077,0
C00485102,0
C00567917,0
C00045781,0
C00731737,0
C00493312,0
C00635243,0
C00736009,0
C00663955,0
C00552083,0
C00383869,0
C00614453,0
C00166553,0
C00647347,0
C00412619,0
C00710160,0
C00745034,0
C00117424,0
C00436550,0
C00681148,0
C00124016,0
C00562660,0
C00127258,0
C00718213,0
C00004879,0
C00756940,0
C00754457,0
C00108209,0
C00354605,0
C00284018,0
C00138974,0
C00727974,0
C00600726,0
C00697953,0
C00686410,0
C00157677,0
C00589119,0
C00650630,0
C00740910,0
C00691337,0
C00652164,0
C00342246,0
C00564013,0
C00754655,0
C00738880,0
C00387753,0
C00089136,0
C00377044,0
C00654541,0
C00629071,0
C00656868,0
C00758136,0
C00493940,0
C00702092,0
C00639088,0
C00638502,0
C00706630,0
C00130831,0
C00348276,0
C00625772,0
C00697698,0
C00085019,0
C00620021,0
C00550988,0
C00687103,1
C00679910,0
C00358952,0
C00111880,0
C00309146,0
C00502518,0
C00225573,0
C00593475,0
C00670802,0
C00752642,0
C00758219,0
C00564260,0
C00136200,0
C00695940,0
C00147512,1
C00158576,0
C00076174,0
C00100305,0
C00576975,0
C00484725,0
C00753426,0
C00749101,0
C00710061,0
C00754556,0
C00338020,0
C00307777,0
C00114850,0
C00078451,0
C00427930,0
C00736637,0
C00342048,1
C00734657,0
C00099259,1
C00656850,0
C00687533,0
C00652859,0
C00412247,0
C00450429,0
C00541912,0
C00731273,0
C00467639,0
C00246736,0
C00704569,0
C00010470,0
C00131185,0
C00280156,0
C00489419,0
C00210666,0
C00624890,0
C00583153,0
C00188177,0
C00215012,0
C00383521,0
C00109017,1
C00638007,0
C00690552,0
C00452052,0
C00616268,0
C00432237,0
C00454132,0
C00002261,0
C00360669,0
C00159855,0
C00387555,0
C00250753,0
C00362582,0
C00392795,0
C00381020,0
C00504233,0
C00432260,1
C00442996,0
C00016899,1
C00711861,0
C00753442,0
C00680975,0
C00756999,0
C00743187,0
C00734608,0
C00451153,0
C00569533,0
C00283135,0
C00529909,0
C00633107,0
C00754168,0
C00220764,0
C00330019,0
C00030676,0
C00094581,0
C00193433,1
C00332296,0
C00713040,0
C00733956,0
C00424788,0
C00453290,0
C00755629,0
C00684514,0
C00570770,0
C00761163,0
C00707794,0
C00647701,1
C00095869,0
C00712588,0
C00734814,0
C00541045,0
C00741751,0
C00436238,0
C00652883,0
C00528414,0
C00499343,0
C00174334,0
C00039305,0
C00757716,0
C00657452,0
C00571646,0
C00681221,0
C00300376,0
C00732917,0
C00736991,0
C00687384,0
C00746339,0
C00752501,0
C00015552,0
C00718247,0
C00000901,0
C00325464,0
C00741744,0
C00301929,0
C00599092,0
C00685347,0
C00326389,0
C00423863,0
C00572628,0
C00085506,0
C00636100,0
C00548461,0
C00432823,0
C00562330,0
C00017681,0
C00156166,0
C00375360,0
C00117838,0
C00580068,1
C00204453,0
C00571422,0
C00439265,0
C00654343,0
C00725424,0
C00571208,0
C00737197,0
C00505974,0
C00689943,0
C00730317,0
C00165878,0
C00718510,0
C00635094,0
C00603365,0
C00496406,0
C00103549,0
C00516526,0
C00610295,0
C00387274,0
C00758128,0
C00259572,0
C00647354,0
C00698928,0
C00632711,0
C00751982,0
C00543579,0
C00400945,0
C00680983,0
C00465914,0
C00755355,0
C00682203,0
C00466334,0
C00084061,0
C00714352,0
C00702175,0
C00624056,0
C00207472,0
C00552323,0
C00758201,0
C00707869,0
C00193854,0
C00755413,0
C00431460,0
C00637504,0
C00694984,0
C00653188,0
C00665521,0
C00712943,0
C00750158,0
C00248047,0
C00738369,0
C00386300,0
C00039503,0
C00722249,0
C00251751,0
C00688424,0
C00306449,0
C00457226,0
C00426965,0
C00667055,0
C00407841,0
C00683102,0
C00757187,0
C00736314,0
C00660985,0
C00705277,0
C00641555,0
C00305318,1
C00713990,0
C00198861,0
C00667790,0
C00481200,0
C00039321,0
C00401125,0
C00481309,0
C00374363,0
C00584755,0
C00723148,0
C00492058,0
C00737411,0
C00111476,0
C00236414,0
C00724203,0
C00757518,0
C00390641,0
C00678920,0
C00752048,0
C00629014,0
C00138701,0
C00320101,0
C00626671,0
C00739771,0
C00426072,0
C00494237,0
C00468801,0
C00747725,0
C00122101,0
C00561779,0
C00417733,0
C00466870,0
C00113159,0
C00213074,1
C00381996,0
C00728352,0
C00753020,0
C00690099,0
C00689844,0
C00013961,0
C00145789,0
C00705111,0
C00532416,0
C00760736,0
C00409979,0
C00439216,0
C00729574,0
C00636365,0
C00710400,0
C00691220,0
C00443119,0
C00024968,0
C00149641,1
C00399063,0
C00246306,0
C00577189,0
C00719641,0
C00673483,0
C00344648,1
C00699447,0
C00403816,0
C00650853,0
C00693309,0
C00467431,0
C00748632,0
C00751206,0
C00121350,0
C00581181,0
C00431874,0
C00752519,0
C00662700,0
C00326330,0
C00455980,0
C00742635,0
C00359984,0
C00741769,1
C00488387,0
C00577148,0
C00181826,0
C00374355,0
C00744185,0
C00083915,0
C00743377,0
C00415075,0
C00753848,0
C00365536,1
C00727206,0
C00718593,0
C00731836,0
C00749481,0
C00437426,0
C00373340,0
C00080648,0
C00399659,0
C00572792,0
C00432104,0
C00686998,0
C00508101,0
C00110585,0
C00757021,0
C00362178,0
C00235739,0
C00121277,0
C00662924,0
C00605212,0
C00565077,0
C00752196,0
C00695395,0
C00625574,0
C00129627,0
C00724229,0
C00380949,0
C00447185,0
C00631994,0
C00625558,0
C00076737,0
C00763706,0
C00740662,0
C00479964,0
C00271007,0
C00750042,0
C00458547,0
C00684266,0
C00005660,0
C00688820,0
C00410654,0
C00677757,0
C00571141,0
C00703991,0
C00733915,0
C00401083,0
C00261339,0
C00737890,0
C00639674,0
C00343681,0
C00748764,0
C00676429,0
C00713354,0
C00460147,0
C00567206,0
C00682815,0
C00738039,0
C00724153,0
C00568196,0
C00385377,0
C00690297,0
C00485730,0
C00523936,0
C00500793,0
C00649772,0
C00345173,0
C00430397,0
C00753731,0
C00490375,0
C00161810,1
C00696666,0
C00753194,0
C00528075,0
C00442913,0
C00258228,0
C00077321,0
C00692715,0
C00674697,0
C00390575,0
C00101592,0
C00001214,0
C00569343,0
C00577155,0
C00687467,0
C00332395,0
C00367680,0
C00150045,0
C00523225,0
C00034272,0
C00524322,0
C00200642,0
C00751461,0
C00077552,0
C00570226,1
C00540211,0
C00703090,0
C00488882,0
C00632562,0
C00437798,0
C00241851,0
C00699157,0
C00715938,0
C00752824,0
C00083857,0
C00109306,0
C00409789,0
C00089557,0
C00105981,0
C00677724,0
C00718882,0
C00443168,0
C00444885,0
C00756544,0
C00401463,0
C00640029,0
C00710616,0
C00722348,0
C00738153,0
C00675967,0
C00625145,0
C00136739,0
C00671925,0
C00544932,0
C00199711,0
C00662064,0
C00684258,0
C00620500,0
C00572156,0
C00750331,0
C00741546,0
C00692301,0
C00387464,0
C00741017,0
C00749747,0
C00164418,0
C00688531,0
C00544387,0
C00411116,0
C00757864,0
C00758326,0
C00073056,0
C00010363,0
C00438754,0
C00760553,0
C00371385,0
C00707117,0
C00626648,0
C00333534,0
C00431544,0
C00303024,0
C00712976,0
C00687194,0
C00034405,0
C00436899,0
C00360610,0
C00574921,0
C00398271,0
C00256313,0
C00514653,0
C00515593,0
C00579573,0
C00468314,1
C00219642,1
C00543116,0
C00008664,0
C00471169,0
C00410597,0
C00749424,0
C00489898,0
C00258236,0
C00708453,0
C00660589,0
C00683508,0
C00687632,0
C00283432,0
C00326082,0
C00636753,0
C00638072,0
C00008151,0
C00233056,0
C00300921,1
C00578450,0
C00755033,0
C00682443,0
C00330720,0
C00100693,0
C00283523,0
C00680454,0
C00575712,0
C00414508,0
C00632893,0
C00247569,0
C00724823,0
C00742999,0
C00634857,0
C00715391,0
C00333542,0
C00459933,0
C00062646,0
C00542514,0
C00722702,0
C00651430,0
C00540104,0
C00090415,0
C00302695,0
C00309781,0
C00540187,0
C00663393,0
C00692178,0
C00724906,0
C00540443,1
C00560821,0
C00283572,0
C00705905,0
C00686584,0
C00491704,0
C00342733,0
C00755496,0
C00323352,0
C00619072,0
C00296269,0
C00344531,0
C00548065,0
C00225151,0
C00574368,0
C00745240,0
C00403907,0
C00008748,0
C00109819,0
C00492314,0
C00295964,0
C00748657,0
C00737965,0
C00693549,0
C00483487,0
C00717553,0
C00705368,0
C00589309,0
C00456772,0
C00717363,0
C00563601,0
C00068692,1
C00556274,0
C00434076,0
C00632182,0
C00004101,0
C00452482,0
C00569293,0
C00760215,0
C00756593,0
C00119388,0
C00079566,0
C00716696,0
C00382234,0
C00652180,0
C00132282,0
C00491951,0
C00736157,0
C00568154,0
C00532572,0
C00445593,0
C00400424,0
C00236034,0
C00754606,0
C00399386,0
C00658831,0
C00631663,0
C00000638,0
C00417063,0
C00510339,0
C00370569,0
C00514331,0
C00437418,0
C00417493,0
C00759324,0
C00757104,0
C00743484,0
C00005157,0
C00426205,0
C00632323,0
C00454751,0
C00705152,0
C00754069,0
C00101485,0
C00681643,0
C00395590,0
C00426874,0
C00289777,0
C00491563,0
C00681874,0
C00679902,0
C00334193,0
C00362384,0
C00343590,0
C00678888,0
C00754234,0
C00517870,0
C00325357,0
C00198259,0
C00728550,0
C00017558,0
C00557280,0
C00296624,0
C00749572,0
C00328278,0
C00325092,0
C00752774,0
C00013748,0
C00603258,0
C00546101,0
C00722322,0
C00648402,0
C00125732,0
C00090357,0
C00459008,0
C00386771,0
C00722413,0
C00635557,0
C00747915,0
C00650267,0
C00414599,0
C00001636,0
C00110338,0
C00540724,0
C00106435,0
C00435909,0
C00630046,0
C00682294,0
C00693655,0
C00322727,0
C00719484,0
C00486332,0
C00749788,0
C00167759,0
C00351031,0
C00549477,0
C00039941,0
C00479246,0
C00268987,0
C00684233,0
C00011544,0
C00747360,0
C00733402,0
C00682062,0
C00608943,0
C00749796,0
C00754598,0
C00194647,0
C00515684,0
C00566760,0
C00377051,0
C00754705,0
C00102160,0
C00722926,0
C00060707,0
C00658484,0
C00509893,0
C00447201,0
C00394460,0
C00581892,0
C00438002,0
C00747469,0
C00660811,0
C00715862,0
C00748699,0
C00332973,0
C00680447,0
C00035519,0
C00536615,0
C00720334,0
C00663237,0
C00754697,0
C00285783,0
C00748665,0
C00346619,0
C00684183,0
C00711853,0
C00583336,1
C00639260,0
C00109595,0
C00731067,0
C00635482,0
C00592196,0
C00548792,0
C00370114,0
C00497842,0
C00235184,0
C00585893,0
C00431643,0
C00197715,0
C00734624,0
C00747147,0
C00411579,0
C00752212,0
C00195388,0
C00692434,0
C00097725,0
C00402628,0
C00668517,0
C00257246,0
C00205369,0
C00580464,0
C00613000,0
C00569517,0
C00685966,0
C00652081,0
C00544569,0
C00165522,0
C00724781,0
C00325936,0
C00107771,0
C00419978,0
C00557934,0
C00484642,1
C00531756,0
C00700377,0
C00103697,0
C00684209,0
C00760090,0
C00636944,0
C00758847,0
C00633032,0
C00545236,0
C00634964,0
C00062836,0
C00655928,0
C00754648,0
C00758524,0
C00443895,0
C00740803,0
C00126847,0
C00084368,0
C00743641,0
C00682617,0
C00679423,0
C00753699,0
C00757088,0
C00626903,0
C00590471,0
C00517052,0
C00200907,0
C00690172,0
C00713669,0
C00719708,0
C00479899,0
C00687483,0
C00455360,0
C00750562,0
C00116145,0
C00552851,1
C00345058,0
C00335026,0
C00693382,1
C00662791,0
C00757120,0
C00659508,0
C00168120,0
C00733774,0
C00728857,0
C00572123,0
C00712745,0
C00024422,0
C00068056,0
C00469429,0
C00746735,0
C00627737,0
C00740316,0
C00707034,0
C00754762,0
C00574376,0
C00381624,0
C00763698,0
C00692590,0
C00687301,0
C00492025,0
C00365254,0
C00224618,0
C00100131,0
C00396820,0
C00701680,0
C00566117,0
C00396671,0
C00717579,0
C00491043,0
C00216754,0
C00639930,0
C00743625,0
C00376756,0
C00679555,0
C00756841,0
C00720649,0
C00688721,0
C00151688,0
C00752477,0
C00511386,0
C00028787,0
C00431114,0
C00008169,0
C00740936,0
C00554089,0
C00646703,0
C00548677,0
C00139477,0
C00494617,0
C00659771,0
C00734319,0
C00420000,0
C00093963,0
C00609255,0
C00082040,0
C00044842,1
C00684332,0
C00498360,0
C00762856,0
C00626663,0
C00744151,0
C00659672,0
C00413856,0
C00490847,1
C00459925,0
C00178541,0
C00479873,0
C00126763,0
C00687319,0
C00706580,0
C00493825,0
C00226472,0
C00235762,0
C00702043,0
C00696567,0
C00162339,1
C00354332,0
C00691402,0
C00003764,0
C00759548,0
C00619528,0
C00267385,0
C00493700,0
C00295097,0
C00759662,0
C00714741,0
C00607804,0
C00160838,0
C00494559,0
C00685768,0
C00716530,0
C00452581,0
C00670208,0
C00672584,0
C00567792,0
C00626317,0
C00567180,0
C00758771,0
C00567677,0
C00699553,0
C00484055,0
C00558734,0
C00493411,0
C00687848,0
C00370759,0
C00571398,0
C00575878,0
C00762617,0
C00753558,0
C00455733,0
C99002396,0
C00647784,0
C00363879,0
C00621466,0
C00495861,1
C00710715,0
C00014498,1
C00314054,0
C00518779,0
C00664284,0
C00486738,0
C00381384,0
C00217638,0
C00665232,0
C00745729,0
C00254193,0
C00188011,0
C00607721,0
C00759787,0
C00002840,1
C00658476,1
C00405050,0
C00478099,0
C00522946,0
C00402107,0
C00701128,0
C00565614,0
C00751024,0
C00253468,0
C00551069,0
C00009423,0
C00115568,0
C00758888,0
C00580076,0
C00548198,0
C00685438,0
C00755710,0
C00551366,0
C00679589,0
C00405233,0
C00726588,0
C00437061,0
C00144154,0
C00542837,0
C00541177,0
C00629527,0
C00042622,0
C00630541,0
C00321406,0
C00753855,0
C00563841,0
C00160077,0
C00162578,0
C00350835,0
C00344234,1
C00143396,0
C00740597,0
C00541433,0
C00635615,0
C00375154,0
C00455683,0
C00694372,0
C00501163,0
C00158881,0
C00676395,0
C00498816,0
C00740993,0
C00629063,0
C00378216,0
C00731588,0
C00747121,0
C00707398,0
C00010322,0
C00496257,0
C00667196,0
C00487207,0
C00507392,0
C00717884,0
C00615898,0
C00677773,1
C00100974,0
C00404020,0
C00220566,0
C00712364,0
C00706861,0
C00109165,0
C00409730,1
C00726208,0
C00752568,0
C00730903,0
C00487686,0
C00638528,0
C00004861,0
C00165548,0
C00575456,0
C00444752,0
C00669242,0
C00290973,0
C00763391,0
C00687178,0
C00764936,0
C00428052,1
C00185520,0
C00747055,0
C00730242,0
C00408484,0
C00729897,0
C00682898,0
C00280008,0
C00622795,0
C00524314,0
C00666776,0
C00662353,0
C00475343,0
C00753749,0
C00165159,0
C00753491,0
C00275123,0
C00758607,0
C00742361,0
C00486720,0
C00105338,0
C00573493,0
C00749085,0
C00368720,0
C00631085,0
C00400135,0
C00752667,0
C00003632,0
C00090209,0
C00681924,0
C00385187,0
C00572735,0
C00738674,0
C00330118,0
C00622043,0
C00759597,0
C00030718,1
C00713925,0
C00581686,0
C00612424,0
C00700518,0
C00040857,0
C00690073,0
C00441733,0
C00492421,1
C00737171,0
C00677625,0
C00530774,0
C00755702,0
C00520254,0
C00638122,0
C00174367,0
C00163956,0
C00683599,0
C00687558,0
C00390351,0
C00173153,0
C00345868,0
C00446237,0
C00351015,0
C00429456,0
C00619601,0
C00100404,0
C00703702,0
C00513861,0
C00039578,0
C00676247,0
C00408518,0
C00240093,0
C00680314,0
C00718189,0
C00296657,0
C00454793,0
C00344663,0
C00750794,0
C00321141,0
C00432989,0
C00478404,0
C00657593,0
C00379628,0
C00632752,0
C00480863,0
C00523381,0
C00753988,0
C00207258,0
C00627679,0
C00375048,0
C00317529,0
C00065219,0
C00736975,0
C00494567,0
C00459453,0
C00422667,0
C00412098,0
C00680223,0
C00567495,0
C00656132,0
C00501478,0
C00413955,0
C00286922,0
C00340356,0
C00112763,0
C00348607,0
C00764191,0
C00683896,0
C00212787,0
C00633248,1
C00130773,0
C00345306,0
C00648501,0
C00740514,0
C00707927,0
C00193631,0
C00450288,0
C00742296,0
C00300525,0
C00740605,0
C00547216,0
C00194084,0
C00694414,0
C00164939,0
C00694836,0
C00543876,0
C00651505,0
C00077701,0
C00041566,0
C00034678,0
C00321943,0
C00544544,0
C00689984,0
C00419036,0
C00002766,1
C00103937,0
C00571703,1
C00296822,0
C00432393,0
C00385393,0
C00552489,0
C00731133,1
C00746255,0
C00741702,0
C00610055,0
C00727883,0
C00756056,0
C00753392,0
C00489534,0
C00194126,0
C00532366,0
C00270934,0
C00754424,0
C00130658,0
C00401299,0
C00759779,0
C00600809,0
C00324483,0
C00141812,0
C00043489,1
C00706812,0
C00256453,0
C00388132,0
C00688846,0
C00712539,0
C00082917,0
C00761643,0
C00416131,0
C00760629,0
C00254847,0
C00042069,0
C00348243,0
C00311308,0
C00024752,0
C00206136,0
C00639229,0
C00410084,0
C00431403,0
C00726919,0
C00750083,0
C00699314,0
C00730390,0
C00574533,0
C00709808,0
C00457051,0
C00492165,0
C00116996,0
C00024281,0
C00751958,0
C00589994,0
C00503201,0
C00422501,0
C00708909,0
C00583344,0
C00603548,0
C00684415,0
C00565929,0
C00429001,0
C00417865,0
C00212092,0
C00572743,0
C00522318,0
C00683664,0
C00580894,0
C00005785,0
C00742742,0
C00740175,0
C00718197,0
C00724070,0
C00728667,0
C00699710,0
C00688291,0
C00675140,0
C00718353,0
C00761049,0
C00494682,0
C00433219,0
C00335000,0
C00699546,0
C00449165,0
C00697342,0
C00720706,0
C00435982,0
C00578997,0
C00161422,0
C00344010,0
C00526053,0
C00678854,0
C00677476,0
C00540997,0
C00273003,0
C00542589,0
C00656926,0
C00733972,0
C00678599,0
C00730754,0
C00385195,0
C00647685,0
C00755439,0
C00745224,0
C00651059,0
C00716555,0
C00457697,0
C00475673,0
C00759753,0
C00677641,0
C00734012,0
C00392464,0
C00496018,0
C00566067,0
C00372201,0
C00638866,0
C00754002,0
C00629576,0
C00699470,0
C00303032,0
C00637645,0
C00360362,0
C00708594,0
C00359075,0
C00622175,0
C00452763,0
C00756528,0
C00363648,0
C00099267,1
C00222422,0
C00758532,0
C00636050,0
C00762963,0
C00144774,0
C00686063,0
C00708545,0
C00748301,0
C00367094,0
C00332841,0
C00446393,0
C00469254,0
C00697730,1
C00567081,0
C00144345,0
C00342907,0
C00488478,0
C00427542,0
C00459941,0
C00432856,0
C00652594,0
C00034157,0
C00639708,0
C00693911,0
C00420497,0
C00612010,0
C00147975,0
C00172635,0
C00743476,0
C00735746,0
C00687327,0
C00403675,0
C00347989,0
C00330233,0
C00734996,0
C00699603,0
C00348938,0
C00276592,0
C00329185,0
C00361758,0
C00754754,0
C00725200,0
C00525071,0
C00656207,0
C00671669,0
C00550889,0
C00525295,0
C00495556,0
C00700914,0
C00001917,0
C00201491,0
C00487678,0
C00752386,0
C00612846,0
C00570945,0
C00157941,0
C00752055,0
C00002089,1
C00435990,0
C00628875,0
C00692855,0
C00401224,1
C00326868,0
C00710707,0
C00468660,0
C00742346,0
C00753772,0
C00548438,0
C00565309,0
C00499400,0
C00363838,0
C00163311,0
C00687525,0
C00513523,0
C00505792,0
C00749697,0
C00669473,0
C00668301,0
C00096594,0
C00332833,0
C00758995,0
C00714113,0
C00431122,0
C00148510,0
C00008078,0
C00717686,0
C00745133,0
C00607374,1
C00691741,0
C00150805,0
C00325811,0
C00525238,0
C00486050,0
C00236083,0
C00144709,0
C00722306,0
C00740928,0
C00447235,0
C00680090,0
C00676445,0
C00075291,1
C00756361,0
C00495580,0
C00097568,0
C00654236,0
C00566042,0
C00127811,0
C00505818,0
C00033977,0
C00665844,0
C00665133,0
C00754184,0
C00368142,0
C00116020,0
C00375915,0
C00410431,0
C00757039,0
C00567545,0
C00731307,0
C00602524,0
C00682807,0
C00509331,0
C00200659,0
C00734103,0
C00361410,0
C00731471,0
C00640573,0
C00139964,0
C00004994,0
C00402842,0
C00004952,0
C00299149,0
C00134742,0
C00403881,0
C00744342,0
C00749143,0
C00521823,0
C00737825,0
C00744540,0
C00471508,0
C00708081,0
C00653352,0
C00452847,0
C00346726,0
C00552109,0
C00446674,0
C00082792,0
C00532440,0
C00759340,0
C00578468,0
C00114694,0
C00447284,0
C00412403,0
C00481978,0
C00375568,0
C00216184,0
C00554881,0
C00692848,0
C00111534,0
C00747816,0
C00423228,0
C00743336,0
C00177469,0
C00498154,0
C00709659,0
C00376343,0
C00342857,0
C00163196,0
C00215384,0
C00139667,0
C00749309,0
C00638049,0
C00692723,0
C00625236,0
C00686337,0
C00609776,0
C00001727,0
C00739805,0
C00725184,0
C00673442,0
C00227546,1
C00493239,0
C00736967,1
C00761494,0
C00343749,0
C00453076,0
C00734129,0
C00728766,0
C00221507,0
C00649525,0
C00450916,0
C00230342,0
C00681585,0
C00232843,0
C00228296,0
C00637512,1
C00440032,0
C00282863,0
C00681163,0
C00617381,0
C00382143,0
C00689851,0
C00267526,0
C00476978,0
C00527309,0
C00746156,0
C00742130,0
C00685883,0
C00492082,0
C00035600,1
C00455584,0
C00118943,0
C00627141,0
C00755173,0
C00703850,0
C00739060,0
C00736769,0
C00488080,0
C00518910,0
C00379768,0
C00576090,0
C00720169,0
C00574103,0
C00760611,0
C00279497,0
C00342022,0
C00634295,0
C00623512,0
C00380527,0
C00751420,1
C00580654,0
C00720540,0
C00758508,0
C00437533,0
C00337113,0
C00034645,0
C00568964,0
C00234377,0
C00760827,0
C00531632,0
C00340182,0
C00750174,0
C00369090,0
C00005926,1
C00722975,0
C00729111,0
C00714881,0
C00383950,0
C00067884,0
C00354753,0
C00281212,0
C00633735,0
C00377002,0
C00759811,0
C00765297,0
C00739250,0
C00763029,0
C00038505,1
C00526269,0
C00666388,0
C00545152,0
C00579540,0
C00671685,0
C00298356,0
C00169821,0
C00371757,0
C00397083,0
C00603084,1
C00706077,0
C00623173,0
C00489336,0
C00656546,0
C00458000,1
C00362236,0
C00634196,0
C00394650,0
C00224790,0
C00746529,0
C00167130,1
C00084822,0
C00614354,0
C00747840,0
C00250464,0
C00568881,0
C00631549,1
C00623421,0
C00576470,0
C00752287,0
C00650044,0
C00576587,0
C00748731,0
C00500017,0
C00382424,0
C00410621,0
C00694471,0
C00755330,1
C00075341,0
C00662072,0
C00426361,0
C00252395,0
C00764332,0
C00719286,0
C00741363,0
C00528992,0
C00515049,0
C00011767,0
C00573261,1
C00715839,0
C00032995,0
C00040840,0
C00188367,1
C00682088,0
C00737304,0
C00529594,0
C00667592,0
C00000935,1
C00408914,0
C00764043,0
C00484402,0
C00753327,0
C00038604,0
C00687020,0
C00757906,0
C00452755,0
C00605410,0
C00386904,0
C00434233,0
C00721910,0
C00040220,0
C00544957,0
C00365072,0
C00602896,0
C00467837,0
C00525220,0
C00582114,0
C00364133,0
C00735571,0
C00698936,0
C00700260,0
C00514026,0
C00568410,0
C00451583,0
C00382283,0
C00726224,0
C00728840,0
C00630699,0
C00440826,0
C00738260,0
C00696393,0
C00580365,0
C00088591,0
C00689265,0
C00001305,1
C00698092,0
C00757005,0
C00040923,0
C00757641,0
C00166710,1
C00542555,0
C00676957,0
C00653683,0
C00484592,0
C00107136,0
C00727230,0
C00691915,0
C00385799,0
C00426775,0
C00364778,1
C00408906,0
C00457853,0
C00729939,0
C00563924,0
C00228106,0
C00729772,0
C00758680,0
C00683441,0
C00114090,0
C00761973,0
C00740217,0
C00102947,0
C00745703,0
C00696476,0
C00636043,0
C00377143,0
C00383604,0
C00381277,0
C00748640,0
C00630780,0
C00665786,0
C00700492,0
C00693317,0
C00544254,0
C00536664,0
C00691154,0
C00724443,0
C00720565,0
C00624643,0
C00634774,0
C00107235,0
C00419911,0
C00748673,0
C00625616,0
C00659730,0
C00571091,0
C00749671,0
C00039123,0
C00491654,0
C00540989,0
C00662221,0
C00715383,0
C00720409,0
C00188193,0
C00010793,0
C00513549,0
C00619429,0
C00501015,0
C00543371,0
C00613364,0
C00743427,0
C00742783,0
C00455048,0
C00238311,0
C00300426,0
C00321596,0
C00423814,0
C00712109,1
C00454074,1
C00186064,0
C00406850,0
C00153577,0
C00193672,0
C00693002,0
C00338327,0
C00423236,0
C00668707,0
C00761742,0
C00130807,0
C00344945,0
C00746677,0
C00699462,0
C00684522,0
C00400333,0
C00542431,0
C00514125,0
C00490698,0
C00630285,0
C00736793,0
C00587345,0
C00017525,0
C00157537,0
C00740282,0
C00206177,0
C00482125,0
C00525592,0
C00567511,0
C00516013,0
C00525600,0
C00758805,0
C00563726,0
C00550491,0
C00463828,0
C00542027,0
C00626119,0
C00528166,0
C00401786,0
C00555532,0
C00350843,0
C00746503,0
C00338087,0
C00328369,0
C00681080,0
C00399865,0
C00623728,0
C00696609,0
C00403097,0
C00225342,0
C00572586,0
C00389189,0
C00684126,0
C00685339,0
C00076810,0
C00014019,0
C00739193,0
C00626689,0
C00095059,0
C00520841,0
C00697821,0
C00551812,0
C00496521,0
C00760892,0
C00624338,0
C00754358,0
C00094904,0
C00635565,0
C00735118,0
C00402800,0
C00701425,0
C00345603,0
C00351924,0
C00765651,0
C00570903,0
C00750778,0
C00613422,0
C00724369,0
C00647297,0
C00414896,0
C00723189,0
C00410274,0
C00766089,0
C00697151,0
C00326835,0
C00432765,0
C00361014,0
C00689893,0
C00346239,0
C00489831,0
C00112995,0
C00758896,0
C00459123,0
C00104471,1
C00757484,0
C00580563,0
C00450056,0
C00412635,0
C00714691,0
C00718221,0
C00038612,0
C00666719,0
C00716233,0
C00477299,0
C00663898,0
C00617803,0
C00681189,0
C00493221,0
C00471607,0
C00459305,0
C00763813,0
C00414490,0
C00502625,0
C00754283,0
C00330647,0
C00418103,0
C00002832,0
C00680926,0
C00620377,0
C00120030,0
C00734681,0
C00144766,0
C00250407,0
C00681742,0
C00699140,0
C00442905,0
C00609966,0
C00413948,0
C00289058,0
C00034785,0
C00469023,0
C00571323,0
C00113811,0
C00746099,0
C00716688,0
C00497131,0
C00538975,0
C00750927,0
C00757294,0
C00624510,0
C00292094,0
C00693499,0
C00698696,0
C00650168,1
C00715102,0
C00681429,0
C00608331,0
C00167460,0
C00103978,0
C00204008,0
C00378356,0
C00751768,0
C00618371,1
C00010983,0
C00744987,0
C00722330,0
C00525733,0
C00212522,0
C00701805,0
C00681023,0
C00530758,0
C00739755,0
C00664250,0
C00753145,0
C00721241,0
C00747170,0
C00631317,0
C00729442,0
C00493783,0
C00745307,0
C00390831,0
C00492579,0
C00639435,0
C00025668,0
C00639823,0
C00707844,1
C00683482,0
C00578096,0
C00658526,1
C00083279,0
C00763359,0
C00718130,0
C00024521,0
C00286880,0
C00740571,0
C00220053,0
C00168864,0
C00647487,0
C00345199,0
C00004473,0
C00435651,0
C00435024,0
C00461756,0
C00700237,0
C00747584,0
C00137794,0
C00242024,0
C00473652,0
C00526210,0
C00760587,0
C00039040,0
C00462044,0
C00388827,0
C00752949,0
C00573733,1
C00287003,0
C00475426,0
C00744789,0
C00701482,0
C00742254,0
C00191478,0
C00733097,0
C00354290,0
C00640383,0
C00732032,0
C00734822,0
C00759134,0
C00654459,0
C00664664,0
C00586859,0
C00762872,0
C00520973,0
C00663260,0
C00089086,0
C00022368,0
C00111237,0
C00041608,0
C00746545,0
C00429464,0
C00300418,0
C00553966,0
C00327395,0
C00434811,0
C00473918,1
C00711937,0
C00407486,0
C00349746,0
C00388983,0
C00389510,0
C00375782,0
C00622118,0
C00758425,0
C00727628,0
C00547349,1
C00274431,1
C00737148,0
C00655498,0
C00361485,0
C00759233,0
C00730978,0
C00171504,0
C00134726,0
C00003160,0
C00355289,0
C00423871,0
C00520833,0
C00694943,0
C00639922,0
C00629709,0
C00387720,0
C00455717,0
C00433060,0
C00371856,0
C00405340,0
C00729533,0
C00424382,0
C00430439,0
C00677146,0
C00668855,0
C00762682,0
C00564823,0
C00034595,0
C00440453,0
C00354548,0
C00694224,0
C00486431,0
C00583161,0
C00338335,0
C00166348,0
C00451294,0
C00715268,0
C00763037,0
C00449926,0
C00737064,0
C00409359,0
C00632281,0
C00001016,0
C00007658,1
C00757450,0
C00515064,0
C00398727,0
C00043265,0
C00679860,0
C00048165,0
C00383661,0
C00136689,0
C00496752,0
C00257279,0
C00759456,0
C00575076,0
C00613851,0
C00753012,0
C00362640,0
C00721712,0
C00727305,0
C00032607,0
C00187799,0
C00404418,0
C00341701,0
C00017194,0
C00626093,0
C00716274,0
C00538835,1
C00092957,0
C00484584,0
C00519371,0
C00640243,0
C00652875,0
C00671693,0
C00343137,0
C00407866,0
C00430066,0
C00711747,0
C00483891,0
C00307249,0
C00410407,0
C00719229,0
C00530865,0
C00400705,0
C00737114,0
C00163832,0
C00304477,0
C00732180,0
C00345132,0
C00087874,0
C00735696,0
C00455865,0
C00690305,0
C00756205,0
C00724559,0
C00749689,0
C00674465,0
C00027532,0
C00608463,0
C00729657,0
C00748780,0
C00409227,0
C00721050,0
C00263053,0
C00724419,0
C00005132,0
C00635391,0
C00680280,0
C00748772,0
C00111310,0
C00489427,0
C00484451,0
C00746784,0
C00709170,0
C00663633,0
C00524603,0
C00574970,0
C00459289,0
C00639062,0
C00564195,0
C00555094,0
C00753293,0
C00562587,0
C00377952,0
C00621276,0
C00761197,0
C00653014,0
C00711705,0
C00172361,0
C00528844,0
C00089342,0
C00749028,0
C00637348,0
C00659847,0
C00555979,0
C00278895,0
C00251876,0
C00078196,0
C00104901,0
C00386250,0
C00367920,0
C00568709,0
C00582643,0
C00119776,0
C00411553,0
C00547117,0
C00756973,0
C00424366,0
C00551697,0
C00683789,0
C00683201,0
C00147181,0
C00622340,0
C00369660,0
C00687830,0
C00694695,0
C00475475,0
C00088435,0
C00458042,0
C00629832,0
C00761247,0
C00466813,0
C00630350,0
C00004275,1
C00707703,0
C00627794,0
C00196725,0
C00431262,0
C00758441,0
C00701045,0
C00035535,0
C00367177,0
C00735456,0
C00403535,0
C00762815,0
C00523498,0
C00759878,0
C00267849,0
C00095109,0
C00254201,0
C00760512,0
C00461251,0
C00400317,0
C00735670,0
C00621086,0
C00410589,0
C00616730,0
C00021121,1
C00631192,0
C00403741,0
C00680405,0
C00698761,0
C00236489,0
C00757948,0
C00709782,0
C00662346,0
C00430280,0
C00010520,0
C00737007,0
C00718445,0
C00709816,0
C00154104,0
C00571125,0
C00695973,0
C00681015,0
C00729202,0
C00282038,0
C00696294,0
C00758862,0
C00111302,0
C00425439,0
C00078535,0
C00439992,0
C00709980,0
C00600916,0
C00322560,0
C00304832,0
C00736421,0
C00105080,0
C00329474,0
C00678839,1
C00745182,0
C00142711,0
C00364109,0
C00460618,0
C00511014,0
C00250209,0
C00599084,0
C00749150,0
C00003806,0
C00744532,0
C00653295,0
C00338442,0
C00410092,0
C00742239,0
C00753178,0
C00461996,0
C00384818,0
C00410068,0
C00752238,0
C00750166,0
C00647628,0
C00409029,0
C00738849,0
C00249342,0
C00508010,0
C00319681,0
C00423079,0
C00370221,0
C00760009,0
C00119008,0
C00461244,0
C00409391,0
C00668038,0
C00687335,0
C00428581,0
C00313700,0
C00570168,0
C00485003,0
C00748285,0
C00098301,0
C00172494,0
C00603373,0
C00510974,0
C00692947,0
C00756437,0
C00686147,0
C00279182,0
C00455741,0
C00456277,0
C00563429,0
C00624148,0
C00740274,0
C00079541,0
C00482463,0
C00750505,0
C00551168,0
C00142596,0
C00347476,0
C00493551,0
C00387878,0
C00521310,0
C00393173,0
C00418897,1
C00446443,0
C00528356,0
C00649574,0
C00249995,0
C00003194,0
C00270967,0
C00754531,0
C00758144,0
C00726166,0
C00686949,0
C00711838,0
C00320432,0
C00741553,0
C00012476,1
C00281675,0
C00703892,0
C00683649,0
C00432930,0
C00278101,0
C00459693,0
C00699843,0
C00663609,0
C00501429,0
C00345124,0
C00676890,0
C00760959,0
C00571695,0
C00491910,0
C00142315,0
C00382242,0
C00314997,0
C00757013,0
C00760447,0
C00712935,0
C00637769,0
C00416636,0
C00581116,0
C00289595,0
C00544312,0
C00741355,0
C00541052,0
C00682724,0
C00263731,0
C00707760,0
C00399071,0
C00756098,0
C00035451,0
C00378950,0
C00544270,0
C00758748,0
C00092247,0
C00515148,0
C00763532,0
C00578013,0
C00540906,0
C00297184,0
C00686576,0
C00756627,0
C00536607,0
C00402545,0
C00680124,0
C00719138,0
C00448852,0
C00441949,1
C00410266,0
C00231951,0
C00089482,0
C00753921,0
C00481192,0
C00698738,0
C00693473,0
C00661496,0
C00730564,0
C00455378,0
C00143560,0
C00634261,0
C00620716,0
C00155440,0
C00730697,0
C00627661,0
C00360206,0
C00536540,0
C00521328,0
C00738724,0
C00733527,0
C00724971,0
C00764522,0
C00694661,0
C00689919,0
C00563254,0
C00686154,0
C00213819,0
C00492157,0
C00350744,0
C00279224,0
C00023028,0
C00334383,0
C00660084,0
C00326256,0
C00745190,0
C00673590,0
C00341016,0
C00701870,0
C00683383,0
C00360008,0
C00724831,0
C00504530,1
C00164509,0
C00568113,0
C00252338,0
C00738237,0
C00740225,0
C00219568,0
C00660928,0
C00711762,0
C00429662,0
C00082636,0
C00758631,0
C00699819,0
C00726240,0
C00648345,0
C00740035,0
C00550392,0
C00758045,0
C00409458,0
C00567818,0
C00010124,0
C00678987,0
C00519363,0
C00692228,0
C00158402,0
C00716803,0
C00251009,0
C00361741,1
C00411181,0
C00407635,0
C00743690,0
C00277541,0
C00120238,0
C00191288,0
C00412288,0
C00722496,0
C00747485,0
C00701243,0
C00542464,0
C00627414,0
C00658708,0
C00679530,0
C00704932,0
C00549782,0
C00755553,0
C00380352,0
C00448373,1
C00571588,1
C00204388,0
C00508440,0
C00241083,0
C00377689,0
C00754564,0
C00113241,0
C00726414,0
C00618561,0
C00420695,0
C00411454,0
C00700385,0
C00680298,0
C00521039,0
C00494971,0
C00525535,0
C00240218,0
C00425371,0
C00252056,0
C00711069,1
C00562983,1
C00336842,0
C00615377,0
C00677591,0
C00569806,0
C00375279,0
C00675827,0
C00024349,0
C00679167,0
C00675488,0
C00156216,0
C00382382,0
C00743252,0
C00679381,0
C00439521,0
C00466466,0
C00626564,0
C00540484,0
C00568162,1
C00513002,0
C00350884,0
C00040535,1
C00131607,0
C00589606,0
C00729616,0
C00755207,0
C00493072,0
C00351056,0
C00551192,0
C00161067,0
C00431924,0
C00716332,0
C00747600,0
C00381459,0
C00161265,0
C00319905,0
C00166223,0
C00741009,0
C00686287,0
C00201863,0
C00741371,0
C00569491,0
C00685370,0
C00630582,0
C00201871,0
C00675066,0
C00706002,0
C00429886,0
C00708842,0
C00734194,0
C00682989,0
C00613489,0
C00366013,0
C00569285,0
C00699124,0
C00706085,0
C00631903,0
C00735472,0
C00551184,0
C00678813,0
C00758623,0
C00393298,0
C00674937,0
C00211037,0
C00429852,0
C00743385,0
C00483628,0
C00571521,0
C00128678,0
C00145623,0
C00306175,0
C00491589,0
C00395533,0
C00571380,0
C00345793,0
C00758581,0
C00731000,1
C00750224,0
C00639997,0
C00752352,0
C00712026,0
C00497420,0
C00566059,0
C00202861,0
C00030809,0
C00278754,0
C00746867,0
C00686832,0
C00748756,0
C00034355,0
C00649434,0
C00708180,0
C00451609,0
C00743542,0
C00449686,0
C00692327,0
C00719765,0
C00214866,0
C00652305,0
C00623405,0
C00754044,0
C00750349,0
C00608174,0
C00477653,0
C00567784,0
C00751040,0
C00718171,0
C00278689,0
C00458794,0
C00755512,0
C00496307,0
C00747295,0
C00753756,0
C00735902,0
C00449538,0
C00172510,0
C00740126,0
C00541037,0
C00292318,0
C00232629,0
C00695353,0
C00685289,0
C00400465,0
C00691634,0
C00573253,0
C00428649,0
C00302687,0
C00358812,0
C00625566,0
C00654293,0
C00580340,0
C00033795,0
C00457242,0
C00711481,0
C00744813,0
C00740522,0
C00743799,0
C00479501,0
C00321802,0
C00676544,0
C00632588,0
C00726679,0
C00410308,0
C00336834,0
C00757195,0
C00748160,0
C00719971,0
C00753723,0
C00428557,1
C00757393,0
C00010082,0
C00756742,0
C00756825,0
C00724344,1
C00082800,0
C00726778,0
C00674572,0
C00383307,0
C00024869,0
C00469825,0
C00140384,0
C00592535,0
C00358234,0
C00505776,0
C00370643,0
C00035675,0
C00467381,0
C00573683,0
C00755942,0
C00722579,0
C00244863,0
C00516039,0
C00699017,0
C00041269,1
C00418269,0
C00322958,0
C00489005,0
C00200865,0
C00487769,0
C00539601,0
C00109991,0
C00390112,0
C00757328,0
C00032334,1
C00629410,0
C00695916,0
C00629147,0
C00019380,1
C00503003,0
C00756130,0
C00084871,0
C00001180,0
C00470666,0
C00757658,0
C00441386,0
C00667857,0
C00753335,0
C00692897,0
C00508770,0
C00622993,0
C00391490,0
C00731513,0
C00404301,0
C00738435,0
C00456764,0
C00397455,0
C00750711,0
C00557322,0
C00459743,0
C00236588,0
C00441808,0
C00728659,0
C00062224,0
C00650986,0
C00684969,0
C00419028,0
C00524454,0
C00100321,0
C00567396,0
C00638320,1
C00732297,0
C00477109,0
C00635110,0
C00174847,0
C00076299,0
C00754689,0
C00373050,0
C00674473,0
C00566562,0
C00571927,0
C00082834,0
C00577288,0
C00760488,0
C00243659,0
C00081273,0
C00639468,0
C00420950,0
C00432963,0
C00676239,0
C00686980,0
C00707687,0
C00105973,0
C00395350,0
C00761916,0
C00610428,0
C00346353,0
C00678169,0
C00732123,0
C00619486,0
C00684506,0
C00688739,1
C00746594,0
C00093054,1
C00383786,0
C00762591,0
C00300178,0
C00589663,0
C00241323,0
C00623710,0
C00282327,0
C00746792,0
C00688523,0
C00759571,0
C00694588,0
C00719203,0
C00367995,0
C00532705,1
C00139568,0
C00176727,0
C00734707,0
C00386821,0
C00728980,0
C00281717,0
C00761411,0
C00165365,0
C00512335,0
C00731794,0
C00751354,0
C00745588,0
C00547679,0
C00527226,0
C00486860,0
C00448324,0
C00744599,0
C00753764,0
C00697656,0
C00634675,0
C00438051,0
C00494674,0
C00522425,0
C00412213,0
C00141572,0
C00525212,0
C00682021,0
C00738591,0
C00655472,0
C00693838,0
C00649822,0
C00660779,0
C00484154,0
C00729756,0
C00324103,0
C00505693,0
C00249359,0
C00520122,0
C00422428,0
C00559609,0
C00721233,0
C00694992,0
C00502377,0
C00627398,0
C00193979,0
C00668392,0
C00213173,0
C00700146,0
C00625947,0
C00356295,0
C00426494,0
C00420125,0
C00743138,0
C00711986,0
C00245548,0
C00357608,0
C00621987,0
C00661744,0
C00684571,0
C00401687,0
C00723114,0
C00572925,0
C00687772,0
C00418889,0
C00737759,0
C00751883,0
C00635706,0
C00210617,0
C00466094,0
C00556258,0
C00087478,0
C00714527,0
C00682559,0
C00349902,0
C00622159,0
C00213348,0
C00551838,0
C00624627,0
C00427849,0
C00526301,0
C00127621,0
C00543199,0
C00031088,1
C00742064,0
C00428094,0
C00705996,0
C00003210,0
C00689828,0
C00759175,0
C00492363,0
C00018028,0
C00751925,0
C00232272,0
C00756643,0
C00436485,0
C00224147,0
C00037606,0
C00512293,0
C00428896,0
C00368902,0
C00410985,0
C00761106,0
C00754739,0
C00737643,0
C00587022,0
C00451518,0
C00707125,0
C00725747,0
C00755801,0
C00501866,0
C00460972,0
C00745273,0
C00471573,0
C00111104,0
C00694299,0
C00457754,0
C00754721,0
C00433318,0
C00716670,0
C00296640,0
C00487702,0
C00348623,0
C00679886,0
C00733899,0
C00339291,0
C00303339,0
C00741041,0
C00413484,0
C00739151,0
C00424150,0
C00342766,0
C00118919,0
C00351197,0
C00686535,0
C00703496,0
C00713420,0
C00005561,1
C00626549,0
C00059733,0
C00072769,0
C00749473,0
C00144147,0
C00044990,0
C00114108,0
C00056523,0
C00455766,0
C00408468,0
C00431197,0
C00299750,0
C00433664,0
C00161414,0
C00737536,0
C00402727,0
C00002469,0
C00692251,0
C00404434,0
C00040568,0
C00752303,0
C00370577,0
C00492595,0
C00759373,0
C00587832,0
C00714329,0
C00232835,0
C00727784,0
C00634717,0
C00109397,0
C00672394,1
C00589044,0
C00694810,0
C00008268,0
C00701821,0
C00650861,0
C00718528,0
C00636126,0
C00440644,0
C00544031,0
C00695551,0
C00691501,0
C00376038,0
C00253260,0
C00684530,0
C00091561,0
C00302703,0
C00653477,0
C00760454,0
C00728030,0
C00340364,0
C00683037,0
C00760405,0
C00654814,0
C00143438,0
C00551846,0
C00265546,0
C00004325,0
C00077305,0
C00720953,0
C00579516,0
C00735894,0
C00572479,0
C00386029,0
C00752253,0
C00095117,0
C00192849,0
C00752683,0
C00581868,0
C00083337,0
C00433912,0
C00718486,0
C00747204,0
C00381012,0
C00732412,0
C00414649,0
C00700427,0
C00166074,0
C00442046,0
C00688937,0
C00718718,0
C00412791,0
C00494005,0
C00376863,0
C00025254,1
C00690040,0
C00627158,0
C00748822,0
C00620583,0
C00721464,0
C00701888,1
C00421487,0
C00624817,0
C00681783,0
C00691972,0
C00738971,0
C00738740,0
C00693465,0
C00764829,0
C00744573,0
C00079327,0
C00734137,0
C00618496,0
C00454942,0
C00570101,0
C00743294,0
C00758789,0
C00661488,0
C00543504,0
C00745042,0
C00084491,0
C00693671,0
C00432252,0
C00543256,0
C00168070,0
C00380709,0
C00725887,0
C00668384,0
C00526673,0
C00297739,0
C00747568,0
C00451781,0
C00688549,0
C00707513,0
C00348540,1
C00749127,0
C00366666,0
C00425645,0
C00491506,0
C00747071,0
C00564377,0
C00341289,0
C00101766,1
C00309716,0
C00329631,0
C00749200,0
C00756965,0
C00247403,0
C00498105,0
C00670141,0
C00107128,0
C00658211,0
C00410324,0
C00652206,0
C00573352,0
C00569996,0
C00283440,0
C00035253,0
C00482570,0
C00753350,0
C00344796,0
C00764233,0
C00557165,0
C00380675,0
C00744938,0
C00448993,0
C00758011,0
C00751446,0
C00441311,0
C00571174,0
C00409250,0
C00167684,0
C00763383,0
C00754051,1
C00460097,0
C00697573,0
C00572495,0
C00003558,0
C00744169,0
C00415372,0
C00487942,0
C00275230,0
C00354142,0
C00001461,0
C00003855,0
C00528935,0
C00731414,0
C00720052,0
C00094573,0
C00359380,0
C00232967,0
C00568550,0
C00635516,0
C00216770,0
C00001198,0
C00094896,0
C00255257,0
C00551853,0
C00635003,0
C00751495,0
C00522094,0
C00112623,0
C00194555,0
C00697300,0
C00040279,0
C00560946,0
C00745018,0
C00690313,0
C00753780,0
C00034884,0
C00625970,0
C00219444,0
C00023838,0
C00513606,0
C00509356,0
C00366468,0
C00403105,0
C00685693,0
C00724351,0
C00380733,0
C00723627,0
C00571729,0
C00472514,0
C00690263,1
C00558411,0
C00355719,0
C00297085,0
C00652552,0
C00757724,0
C00490987,0
C00540153,0
C00135590,0
C00681262,0
C00637579,0
C00627463,0
C00615690,0
C00741793,0
C00703181,0
C00341990,0
C00491050,0
C00023580,1
C00578823,0
C00004606,1
C00690131,0
C00745513,0
C00548404,0
C00012880,0
C00128231,0
C00133611,0
C00698548,0
C00679746,0
C00646364,0
C00608489,1
C00328401,0
C00086355,0
C00756635,0
C00370023,0
C00752782,0
C00323576,0
C00675389,0
C00542423,0
C00662015,0
C00523241,0
C00570861,0
C00553495,0
C00385849,0
C00699421,0
C00386524,1
C00006486,0
C00435321,0
C00700799,0
C00745786,1
C00392134,0
C00003590,0
C00485896,0
C00415208,0
C00199257,0
C00502807,0
C00696211,0
C00340943,0
C00667667,0
C00761528,0
C00334581,0
C00084475,0
C00344788,0
C00753459,0
C00041590,0
C00686691,0
C00582700,0
C00757401,0
C00165589,0
C00214148,0
C00571885,0
C00638817,0
C00746719,0
C00353482,0
C00690891,0
C00712885,0
C00575845,0
C00660613,0
C00431072,0
C00235036,0
C00603019,0
C00317297,0
C00220269,0
C00430256,0
C00257527,0
C00046474,0
C00685776,0
C00376376,0
C00752428,0
C00406066,0
C00320580,0
C00380568,0
C00583229,0
C00701060,0
C00377549,0
C00459800,0
C00747881,0
C00760801,0
C00170175,0
C00521286,0
C00197749,0
C00633164,0
C00041061,0
C00068452,0
C00714899,0
C00307397,0
C00719633,0
C00366559,0
C00646927,0
C00197095,0
C00686113,0
C00327593,0
C00019653,0
C00352674,0
C00403477,0
C00084954,0
C00009639,1
C00690362,0
C00089243,0
C00718320,0
C00427203,0
C00632398,1
C00370270,0
C00149211,0
C00241380,0
C00760108,0
C00358903,0
C00632760,0
C00092841,0
C00004812,0
C00615203,0
C00487363,1
C00558262,0
C00027466,1
C00496679,0
C00737296,0
C00199703,0
C00078287,0
C00240069,0
C00520312,0
C00135558,0
C00699439,0
C00708636,0
C00545202,0
C00747824,0
C00673509,0
C00546234,0
C00752089,0
C00749325,0
C00111559,0
C00364455,0
C00767822,0
C00385740,0
C00583492,0
C00540740,0
C00547448,0
C00146506,0
C00682864,0
C00169722,0
C00647149,0
C00681494,0
C00555367,0
C00685735,0
C00366872,0
C00596973,0
C00625111,0
C00620427,0
C00763748,0
C00452748,0
C00487827,0
C00691584,0
C00756874,0
C00412569,0
C00471193,0
C00708297,0
C00053553,1
C00709634,0
C00384479,1
C00274423,0
C00681403,0
C00639138,0
C00618116,0
C00585554,0
C00669986,0
C00490136,0
C00041038,0
C00720631,0
C00530808,0
C00454140,0
C00657205,0
C00523613,0
C00752691,0
C00650754,0
C00532630,0
C00729400,0
C00441196,0
C00325977,0
C00489799,1
C00139071,0
C00004440,0
C00760769,0
C00554444,0
C00580225,0
C00660902,0
C00731703,0
C00636977,0
C00757682,0
C00367896,0
C00358366,0
C00202085,0
C00457234,0
C00479998,0
C00627968,0
C00706192,0
C00693119,0
C00330290,0
C00155069,0
C00279505,0
C00236760,0
C00725820,1
C00311944,0
C00588822,0
C00431932,0
C00193441,0
C00458158,0
C00080515,0
C00516864,0
C00685958,0
C00758086,0
C00488262,0
C00032797,0
C00633354,0
C00761338,0
C00482703,0
C00753277,0
C00374066,0
C00743773,0
C00348219,0
C00405555,0
C00196089,0
C00565259,0
C00750430,0
C00720318,0
C00114439,1
C00292367,0
C00754663,0
C00387282,0
C00424838,0
C00384578,0
C00706689,0
C00543652,0
C00165944,0
C00303883,0
C00399196,0
C00720367,0
C00569921,0
C00592089,0
C00757203,0
C00758318,0
C00582973,0
C00590356,0
C00408435,0
C00422022,0
C00381954,0
C00762575,0
C00618389,1
C00744714,0
C00079855,0
C00536573,0
C00682641,0
C00751271,0
C00760397,0
C00696096,0
C00166272,0
C00613091,0
C00311142,0
C00344325,0
C00548586,0
C00083832,0
C00255695,1
C00693028,0
C00442624,0
C00721225,0
C00752725,0
C00692921,0
C00540062,0
C00546119,0
C00113803,0
C00548008,0
C00630152,0
C00167668,0
C00760025,0
C00722884,0
C00673368,0
C00715375,0
C00692392,0
C00703330,0
C00689380,0
C00008409,0
C00386128,0
C00451757,0
C00141747,0
C00204099,0
C00544262,0
C00753475,0
C00235853,0
C00736470,0
C00744862,0
C00424648,0
C00741652,0
C00035006,0
C00641142,0
C00650598,0
C00651109,0
C00491936,0
C00744425,0
C00704916,0
C00703470,0
C00717900,0
C00509463,0
C00200089,0
C00690818,0
C00568717,0
C00632802,0
C00489112,0
C00739110,0
C00626069,0
C00372862,0
C00692343,0
C00689356,0
C00544841,0
C00672683,0
C00409003,0
C00567263,0
C00689745,0
C00652685,1
C00397067,0
C00494302,0
C00753897,0
C00502351,0
C00753400,0
C00582841,0
C00110577,0
C00487470,1
C00633271,0
C00497578,0
C00723098,0
C00608380,0
C00755272,0
C00010603,1
C00555342,0
C00756684,0
C00759589,0
C00492520,1
C00756676,0
C00110858,0
C00214643,0
C00424218,0
C00335257,0
C00749861,0
C00760306,0
C00663963,0
C00565630,0
C00450189,0
C00382275,0
C00523589,1
C00430421,0
C00760082,0
C00727388,0
C00731497,0
C00406041,0
C00753889,0
C00128918,0
C00113225,0
C00753384,0
C00143305,0
C00761577,0
C00118208,0
C00709766,0
C00517235,0
C00318766,0
C00754515,0
C00444430,0
C00756734,0
C00753830,0
C00165688,1
C00720987,0
C00423459,0
C00701938,0
C00725317,0
C00123612,0
C00041954,0
C00073791,0
C00722371,0
C00362210,0
C00489302,0
C00371948,0
C00680504,0
C00142893,0
C00693580,0
C00270421,0
C00669853,0
C00743302,0
C00756551,0
C00101626,0
C00542621,0
C00699835,1
C00570416,0
C00235929,0
C00635664,0
C00661553,0
C00322784,0
C00360354,1
C00409714,0
C00581504,0
C00648626,0
C00584805,0
C00614958,0
C00326132,0
C00405563,0
C00542704,0
C00658880,0
C00529073,0
C00264689,0
C00622910,0
C00688200,0
C00453688,0
C00280909,0
C00562546,0
C00560904,1
C00524280,0
C00390633,0
C00215558,0
C00519603,0
C00674150,0
C00406256,0
C00690669,0
C00302232,0
C00110262,0
C00132456,0
C00034827,0
C00359992,0
C00290502,0
C00438978,0
C00085480,0
C00618876,0
C00653386,1
C00337626,0
C00113845,0
C00388819,0
C00010421,0
C00197863,0
C00745323,0
C00104083,0
C00115527,0
C00663724,0
C00698977,0
C00731042,1
C00339051,0
C00750802,0
C00666123,0
C00483412,0
C00495705,0
C00339655,0
C00653311,0
C00343947,0
C00543207,0
C00722256,0
C00706010,0
C00757302,0
C00081422,0
C00757427,0
C00507269,0
C00500025,0
C00686394,0
C00427856,0
C00248849,0
C00685982,0
C00008839,0
C00695544,0
C00545582,0
C00634279,0
C00452771,0
C00144261,0
C00411637,0
C00747097,0
C00503789,0
C00718460,0
C00472894,0
C00143164,0
C00430157,0
C00372979,0
C00419051,0
C00140061,0
C00575894,0
C00457200,0
C00139600,0
C00327478,0
C00341602,1
C00142372,0
C00670919,0
C00391797,0
C00480822,0
C00185686,0
C00305052,0
C00739821,0
C00714410,0
C00706176,0
C00010876,0
C00687962,0
C00695239,0
C00678078,0
C00695304,0
C00681825,1
C00714097,0
C00413575,0
C00149104,0
C00389288,0
C00488494,0
C00407080,0
C00698340,0
C00616938,0
C00691345,0
C00516500,0
C00435933,0
C00688945,0
C00755280,0
C00142083,0
C00706556,0
C00431858,0
C00102152,0
C00760413,0
C00657262,0
C00674093,1
C00151340,0
C00464727,0
C00461277,0
C00637900,0
C00759084,0
C00630319,0
C00739094,0
C00558452,0
C00486928,0
C00371088,0
C00739490,0
C00361493,0
C00592485,0
C00721811,0
C00627133,0
C00153171,0
C00667634,0
C00723023,0
C00494211,0
C00025395,0
C00741686,0
C00574749,0
C00614917,0
C00745489,0
C00076588,0
C00692319,1
C00475194,0
C00697961,0
C00655399,0
C00730937,0
C00135368,0
C00664318,0
C00713479,0
C00495028,1
C00120006,0
C00120873,0
C00282459,0
C00715656,0
C00703355,0
C00756866,0
C00713057,0
C00625020,0
C00503680,0
C00151787,0
C00373910,0
C00452854,0
C00269241,0
C00704411,0
C00649053,0
C00683334,0
C00762633,0
C00141697,0
C00733840,0
C00720524,0
C00652529,0
C00569392,0
C00746453,0
C00489856,0
C00555250,0
C00118703,0
C00629766,0
C00145722,0
C00747279,0
C00390583,0
C00710319,0
C00568873,0
C00680710,0
C00189100,0
C00247981,0
C00253294,0
C00700815,0
C00759860,0
C00430371,0
C00473025,0
C00346403,0
C00654939,0
C00656314,1
C00502096,0
C00755371,0
C00663062,0
C00703082,0
C00410001,0
C00411082,0
C00698654,0
C00641225,0
C00752840,0
C00085977,0
C00741678,0
C00757179,0
C00636027,1
C00238725,1
C00695346,0
C00612200,0
C00689133,0
C00438358,0
C00494534,0
C00209296,0
C00701961,0
C00588749,0
C00370015,0
C00557421,0
C00441980,0
C00075473,0
C00227744,0
C00698472,0
C00337394,0
C00737908,0
C00660746,0
C00359463,0
C00402321,0
C00751784,0
C00101105,0
C00461129,0
C00160630,0
C00303503,0
C00739904,0
C00594473,0
C00424226,0
C00433672,0
C00747766,0
C00744920,1
C00423012,0
C00756759,0
C00722488,0
C00632950,0
C00762229,1
C00436410,0
C00457705,0
C00740027,0
C00639245,0
C00165472,0
C00731018,0
C00431601,0
C00743344,0
C00750786,0
C00568667,0
C00381699,0
C00730341,0
C00679662,0
C00192062,0
C00400432,0
C00751537,0
C00668368,0
C00542365,0
C00277335,0
C00185694,0
C00012310,0
C00737361,0
C00128512,0
C00549717,0
C00638882,0
C00391979,0
C00003970,0
C00599050,0
C00621649,0
C00720128,0
C00746909,0
C00325647,0
C00625988,0
C00713701,0
C00746628,0
C00747907,0
C00165282,0
C00662148,0
C00254953,0
C00497305,0
C00564799,0
C00009704,0
C00605634,0
C00697854,0
C00559906,0
C00034728,0
C00705038,0
C00243675,0
C00174227,0
C00355792,0
C00571372,0
C00303685,0
C00757336,0
C00634733,0
C00309567,0
C00760389,0
C00436360,0
C00707711,0
C00347955,0
C00444117,0
C00763185,0
C00647966,0
C00494112,0
C00720714,0
C00698126,0
C00634006,0
C00001313,1
C00413716,0
C00545558,0
C00571430,0
C00720771,0
C00746107,0
C00568931,0
C00489815,1
C00233361,0
C00745976,0
C00729095,0
C00681270,0
C00186288,1
C00683771,0
C00683961,0
C00429571,0
C00128082,0
C00382150,0
C00491175,0
C00627125,0
C00164145,0
C00568444,0
C00668905,0
C00707992,0
C00656306,0
C00663989,0
C00382796,0
C00019331,1
C00650432,0
C00680769,0
C00332643,0
C00027342,1
C00421420,0
C00701631,0
C00738864,0
C00024679,0
C00531517,0
C00749341,0
C00631481,0
C00133215,0
C00416685,0
C00686105,0
C00676577,0
C00417295,0
C00297531,0
C00353797,0
C00490516,0
C00491365,0
C00689430,0
C00404137,0
C00114025,0
C00751644,0
C00760256,0
C00633818,0
C00428623,1
C00735191,0
C00620971,1
C00142935,0
C00663211,0
C00425520,0
C00024935,0
C00043091,0
C00523696,0
C00545780,0
C00086611,0
C00556605,0
C00409276,0
C00557793,0
C00143362,0
C00074096,0
C00239780,0
C00685503,0
C00449546,0
C00437467,0
C00749317,0
C00018036,0
C00312777,0
C00591917,0
C00761270,0
C00467373,0
C00386284,0
C00464453,0
C00662718,0
C00021295,0
C00409565,0
C00716951,0
C00700104,0
C00631051,0
C00550970,1
C00377333,0
C00677708,0
C00430413,0
C00103903,0
C00531624,0
C00732677,0
C00137729,0
C00756486,0
C00725390,0
C00113753,0
C00629998,0
C00264770,0
C00759555,0
C00656553,0
C00235911,0
C00701813,0
C00543561,0
C00752899,0
C00685628,1
C00491571,0
C00746537,0
C00361956,0
C00747857,0
C00685057,0
C00678581,0
C00715151,0
C00682013,0
C00395285,0
C00682211,1
C00453324,0
C00582270,0
C00426163,0
C00688556,0
C00012401,0
C00399410,0
C00695825,0
C00594127,0
C00255216,0
C00710251,0
C00197228,0
C00723544,0
C00287748,0
C00752030,0
C00637041,0
C00740555,0
C00333104,0
C00755819,0
C00704247,0
C00325332,0
C00022343,0
C00719062,0
C00280107,0
C00259481,0
C00173393,0
C00632992,0
C00710723,0
C00483677,0
C00244400,0
C00715201,0
C00671651,0
C00749549,0
C00612747,0
C00364471,0
C00392928,0
C00528554,0
C00726489,0
C00612705,0
C00439646,0
C00513671,0
C00358564,0
C00081547,0
C00758672,0
C00611400,0
C00685859,0
C00688432,0
C00455907,0
C00713560,0
C00755728,0
C00450098,0
C00647529,0
C00182980,0
C00022988,0
C00549014,0
C00333666,0
C00750356,0
C00035691,0
C00680231,0
C00436998,0
C00678227,0
C00099945,0
C00337808,0
C00754887,0
C00619775,0
C00714394,0
C00248948,0
C00682633,0
C00108605,0
C00421008,0
C00436055,0
C00567388,0
C00741413,0
C00112896,0
C00040659,0
C00552539,0
C00385039,0
C00457366,0
C00755827,0
C00428516,0
C00140855,0
C00606962,0
C00699728,0
C00162735,0
C00640433,0
C00360529,0
C00196444,0
C00418582,0
C00546325,0
C00166355,0
C00761569,0
C00475665,0
C00686477,0
C00737940,0
C00327106,0
C00574384,0
C00416495,0
C00657965,0
C00676692,0
C00688341,0
C00656264,0
C00630830,0
C00651364,0
C00155952,1
C00397711,0
C00593202,0
C00653030,0
C00074633,0
C00163212,0
C00363317,0
C00705046,0
C00762658,0
C00394163,0
C00678136,0
C00621755,0
C00741876,0
C00145342,0
C00322362,0
C00009845,0
C00486043,0
C00490045,0
C00718502,0
C00404194,0
C00753947,0
C00211250,0
C00009282,0
C00034033,1
C00379420,0
C00734749,0
C00413872,0
C00738906,0
C00729731,0
C00404392,0
C00439398,0
C00100107,0
C00033134,1
C00523274,0
C00494245,0
C00738104,0
C00452276,0
C00693531,0
C00742775,0
C00761833,0
C00527804,0
C00609396,0
C00603076,0
C00737080,0
C00758193,0
C00242057,0
C00132092,0
C00493270,0
C00690867,0
C00626184,0
C00462564,0
C00507384,0
C00031054,1
C00397851,0
C00687624,0
C00528299,0
C00551176,0
C00651554,0
C00687491,0
C00417634,0
C00513176,1
C00151019,0
C00083535,0
C00754242,0
C00746552,0
C00486845,1
C00416305,0
C00369868,0
C00012328,0
C00283069,0
C00674432,0
C00664938,1
C00452037,0
C00641464,0
C00656140,0
C00578716,0
C00541219,0
C00629964,0
C00726307,0
C00686782,0
C00613521,0
C00691626,0
C00427427,0
C00363945,0
C00582940,0
C00669960,0
C00343459,0
C00161604,0
C00219121,0
C00073627,0
C00202184,0
C00107680,0
C00255976,0
C00336743,0
C00395186,0
C00542787,0
C00155366,0
C00445122,0
C00599001,0
C00754994,0
C00308460,0
C00318816,0
C00757526,0
C00688895,0
C00043471,0
C00712570,0
C00623397,0
C00302844,0
C00489203,0
C00762666,0
C00747220,0
C00763664,0
C00442319,0
C00402909,0
C00637322,0
C00365684,0
C00392738,0
C00760983,0
C00452383,0
C00687343,0
C00085910,0
C00689752,0
C00237065,0
C00760330,0
C00419242,0
C00183962,0
C00151175,0
C00640490,0
C00034298,0
C00755744,0
C00337972,0
C00112706,0
C00331173,0
C00044776,0
C00135459,0
C00374371,0
C00195024,0
C00301325,0
C00131615,0
C00097865,0
C00641217,0
C00419283,0
C00508127,0
C00705798,0
C00528455,0
C00233353,0
C00518787,0
C00041160,1
C00161901,0
C00524769,0
C00562777,0
C00367383,0
C00754192,0
C00442897,0
C00499996,0
C00530766,1
C00194191,0
C00430876,0
C00753715,0
C00437244,0
C00684902,0
C00678995,1
C00529693,0
C00093179,0
C00675447,0
C00693093,1
C00104455,0
C00758276,0
C00002972,0
C00756783,0
C00231670,0
C00247197,0
C00139451,0
C00681718,0
C00484410,0
C00165142,0
C00757898,0
C00564807,0
C00016444,0
C00756080,0
C00307991,0
C00762419,0
C00121582,0
C00627992,0
